URL Extension,URL,Channel,Person,BioGuide ID,YouTube Channel ID,CSPAN Person ID,CSPAN Program ID
-2VKyELHFxo,https://www.youtube.com/watch?v=-2VKyELHFxo,Senator Michael Bennet,Michael F. Bennet,B001267,UCXB3cljpMwTyCUyLr2ZVLow,,
-6L2e0MnVrI,https://www.youtube.com/watch?v=-6L2e0MnVrI,Senator Michael Bennet,Michael F. Bennet,B001267,UCXB3cljpMwTyCUyLr2ZVLow,,
-9BnwsWg4E8,https://www.youtube.com/watch?v=-9BnwsWg4E8,C-SPAN,C-SPAN,https://www.youtube.com/channel/UCb--64Gl51jIEVE-GLDAVTg,UCb--64Gl51jIEVE-GLDAVTg,,
-AZhMyrkIUA,https://www.youtube.com/watch?v=-AZhMyrkIUA,Senator Michael Bennet,Michael F. Bennet,B001267,UCXB3cljpMwTyCUyLr2ZVLow,,
-AsGsuo3B3A,https://www.youtube.com/watch?v=-AsGsuo3B3A,C-SPAN,C-SPAN,https://www.youtube.com/channel/UCb--64Gl51jIEVE-GLDAVTg,UCb--64Gl51jIEVE-GLDAVTg,,
-B-FsAgraSQ,https://www.youtube.com/watch?v=-B-FsAgraSQ,Mahan for California,Mahan for California,https://www.youtube.com/channel/UCePbQz1iC9qgNcxtAwv3_zQ,UCePbQz1iC9qgNcxtAwv3_zQ,,
-BWtKxfhSO4,https://www.youtube.com/watch?v=-BWtKxfhSO4,Rep. Ritchie Torres,Norma J. Torres,T000474,UC332GOmhxGmHj3WRiHK4hFg,,
-Bh_zrI0IgQ,https://www.youtube.com/watch?v=-Bh_zrI0IgQ,Rep. Joe Neguse,Joe Neguse,N000191,UCukNKhsFrzM-LFtp43XPQtg,,
-CKMoJ5f0Co,https://www.youtube.com/watch?v=-CKMoJ5f0Co,C-SPAN,C-SPAN,https://www.youtube.com/channel/UCb--64Gl51jIEVE-GLDAVTg,UCb--64Gl51jIEVE-GLDAVTg,,
-EMHdFRXnag,https://www.youtube.com/watch?v=-EMHdFRXnag,House Committee on Agriculture,House Committee on Agriculture,https://www.youtube.com/channel/UCWtWf-QUTnJ-UMP5ZNWVB5Q,UCWtWf-QUTnJ-UMP5ZNWVB5Q,,
-FHZB6KcFU8,https://www.youtube.com/watch?v=-FHZB6KcFU8,Sen. Elissa Slotkin,Elissa Slotkin,S001208,UCavPE_osOr5wM3QYUzfs95A,,
-Gzd1vIb9-k,https://www.youtube.com/watch?v=-Gzd1vIb9-k,Sen. Elissa Slotkin,Elissa Slotkin,S001208,UCavPE_osOr5wM3QYUzfs95A,,
-HjvXtI-Owg,https://www.youtube.com/watch?v=-HjvXtI-Owg,House Committee on Agriculture,House Committee on Agriculture,https://www.youtube.com/channel/UCWtWf-QUTnJ-UMP5ZNWVB5Q,UCWtWf-QUTnJ-UMP5ZNWVB5Q,,
-Ii51ySKWUc,https://www.youtube.com/watch?v=-Ii51ySKWUc,House Committee on Agriculture,House Committee on Agriculture,https://www.youtube.com/channel/UCWtWf-QUTnJ-UMP5ZNWVB5Q,UCWtWf-QUTnJ-UMP5ZNWVB5Q,,
-K9xMcMARJo,https://www.youtube.com/watch?v=-K9xMcMARJo,Rep. Joe Neguse,Joe Neguse,N000191,UCukNKhsFrzM-LFtp43XPQtg,,
-L9kgBMAVuw,https://www.youtube.com/watch?v=-L9kgBMAVuw,Rep. Auchincloss,Jake Auchincloss,A000148,UCLTp0xAT0gBrF8WReNliMwA,,
-P20AE8wmtU,https://www.youtube.com/watch?v=-P20AE8wmtU,House Committee on Agriculture,House Committee on Agriculture,https://www.youtube.com/channel/UCWtWf-QUTnJ-UMP5ZNWVB5Q,UCWtWf-QUTnJ-UMP5ZNWVB5Q,,
-RH1hX9l90U,https://www.youtube.com/watch?v=-RH1hX9l90U,Rep. George Whitesides,George Whitesides,W000830,UCi0_78hGEjLd1EGuie6quKg,,
-S4ZkcBJP1o,https://www.youtube.com/watch?v=-S4ZkcBJP1o,Jeff Jackson,Jeff Jackson,J000308,UCMS_OsMEOc1s9hlwRvQyahg,,
-SQyssRdX0U,https://www.youtube.com/watch?v=-SQyssRdX0U,Mary Peltola,Mary Sattler Peltola,P000619,UCXHT0c_Cqdvp6UAfXDxuGow,,
-Tc6APFaaik,https://www.youtube.com/watch?v=-Tc6APFaaik,C-SPAN,John Barrasso,B001261,UCb--64Gl51jIEVE-GLDAVTg,,
-UKz6upEiIs,https://www.youtube.com/watch?v=-UKz6upEiIs,Senator Michael Bennet,Michael F. Bennet,B001267,UCXB3cljpMwTyCUyLr2ZVLow,,
-UMvHfKg8mo,https://www.youtube.com/watch?v=-UMvHfKg8mo,Mary Peltola,Mary Sattler Peltola,P000619,UCXHT0c_Cqdvp6UAfXDxuGow,,
-bHKojtGTPI,https://www.youtube.com/watch?v=-bHKojtGTPI,C-SPAN,C-SPAN,https://www.youtube.com/channel/UCb--64Gl51jIEVE-GLDAVTg,UCb--64Gl51jIEVE-GLDAVTg,,
-eq7e6PbkdM,https://www.youtube.com/watch?v=-eq7e6PbkdM,Sen. Elissa Slotkin,Elissa Slotkin,S001208,UCavPE_osOr5wM3QYUzfs95A,,
-grtY-6ZZfE,https://www.youtube.com/watch?v=-grtY-6ZZfE,Maggie Goodlander for Congress,Maggie Goodlander,G000604,UCmy6ACpOou_Vb74yIMSc7hg,,
-jwFJFQhdO0,https://www.youtube.com/watch?v=-jwFJFQhdO0,Rep. Joe Neguse,Joe Neguse,N000191,UCukNKhsFrzM-LFtp43XPQtg,,
-l6iTrbsIm8,https://www.youtube.com/watch?v=-l6iTrbsIm8,Abigail Spanberger for Governor,Abigail Davis Spanberger,S001209,UCxJTgExEfcqCdIj4SMJyqrQ,,
-n3twUNkDk0,https://www.youtube.com/watch?v=-n3twUNkDk0,House Committee on Agriculture,House Committee on Agriculture,https://www.youtube.com/channel/UCWtWf-QUTnJ-UMP5ZNWVB5Q,UCWtWf-QUTnJ-UMP5ZNWVB5Q,,
-pN9esgHMVs,https://www.youtube.com/watch?v=-pN9esgHMVs,Senator Michael Bennet,Michael F. Bennet,B001267,UCXB3cljpMwTyCUyLr2ZVLow,,
-pwy32EDZkk,https://www.youtube.com/watch?v=-pwy32EDZkk,Rep. Gabe Vasquez,Gabe Vasquez,V000136,UCYNflwnxykWBLTaNbuIFIqA,,
-qUshC5UpXY,https://www.youtube.com/watch?v=-qUshC5UpXY,Rep. Ritchie Torres,Norma J. Torres,T000474,UC332GOmhxGmHj3WRiHK4hFg,,
-uOcI6rWsPQ,https://www.youtube.com/watch?v=-uOcI6rWsPQ,Sen. Elissa Slotkin,Elissa Slotkin,S001208,UCavPE_osOr5wM3QYUzfs95A,,
01BQAVg2P48,https://www.youtube.com/watch?v=01BQAVg2P48,Sen. Mallory McMorrow,Stephen Mallory,M000084,UCUNrNIDIIoXI6W-TCj58HSg,,
08-B3-ORZYg,https://www.youtube.com/watch?v=08-B3-ORZYg,U.S. Congressman Brendan Boyle,Brendan F. Boyle,B001296,UCMP_Anj7lz4eZuSh8GwFqQQ,,
0AiUFiYyXxk,https://www.youtube.com/watch?v=0AiUFiYyXxk,Sen. Elissa Slotkin,Elissa Slotkin,S001208,UCavPE_osOr5wM3QYUzfs95A,,
0GFkkpV2H6M,https://www.youtube.com/watch?v=0GFkkpV2H6M,Rep. Joe Neguse,Joe Neguse,N000191,UCukNKhsFrzM-LFtp43XPQtg,,
0JKnOWbE45U,https://www.youtube.com/watch?v=0JKnOWbE45U,Sen. Elissa Slotkin,Elissa Slotkin,S001208,UCavPE_osOr5wM3QYUzfs95A,,
0L8TSQskHHU,https://www.youtube.com/watch?v=0L8TSQskHHU,Angie Craig,Angie Craig,C001119,UCIQeh8zK8g51o9pNGGglHVA,,
0LZxGtEycIs,https://www.youtube.com/watch?v=0LZxGtEycIs,Mary Peltola,Mary Sattler Peltola,P000619,UCXHT0c_Cqdvp6UAfXDxuGow,,
0QCMePzYUhc,https://www.youtube.com/watch?v=0QCMePzYUhc,Sen. Elissa Slotkin,Elissa Slotkin,S001208,UCavPE_osOr5wM3QYUzfs95A,,
0QyCSkTtYBo,https://www.youtube.com/watch?v=0QyCSkTtYBo,Mahan for California,Mahan for California,https://www.youtube.com/channel/UCePbQz1iC9qgNcxtAwv3_zQ,UCePbQz1iC9qgNcxtAwv3_zQ,,
0TNt84FTQgo,https://www.youtube.com/watch?v=0TNt84FTQgo,Mahan for California,Mahan for California,https://www.youtube.com/channel/UCePbQz1iC9qgNcxtAwv3_zQ,UCePbQz1iC9qgNcxtAwv3_zQ,,
0Zvh3ep4_Lw,https://www.youtube.com/watch?v=0Zvh3ep4_Lw,C-SPAN,C-SPAN,https://www.youtube.com/channel/UCb--64Gl51jIEVE-GLDAVTg,UCb--64Gl51jIEVE-GLDAVTg,,
0agkzFpSSIQ,https://www.youtube.com/watch?v=0agkzFpSSIQ,House Committee on Agriculture,House Committee on Agriculture,https://www.youtube.com/channel/UCWtWf-QUTnJ-UMP5ZNWVB5Q,UCWtWf-QUTnJ-UMP5ZNWVB5Q,,
0cQcQNSCk-w,https://www.youtube.com/watch?v=0cQcQNSCk-w,Congresswoman Sarah McBride,Sarah McBride,M001238,UCadfl-Ek-uH5SustAmPL40g,,
0cUQqPxw3hc,https://www.youtube.com/watch?v=0cUQqPxw3hc,C-SPAN,C-SPAN,https://www.youtube.com/channel/UCb--64Gl51jIEVE-GLDAVTg,UCb--64Gl51jIEVE-GLDAVTg,,
0clzajyigfs,https://www.youtube.com/watch?v=0clzajyigfs,Sen. Elissa Slotkin,Elissa Slotkin,S001208,UCavPE_osOr5wM3QYUzfs95A,,
0iXYQePt2ME,https://www.youtube.com/watch?v=0iXYQePt2ME,Rep. Marie Gluesenkamp Perez,Marie Gluesenkamp Perez,G000600,UCo4paf7SbVdHOi67ayp1DDg,,
0ki6UulBYM0,https://www.youtube.com/watch?v=0ki6UulBYM0,Sen. Elissa Slotkin,Elissa Slotkin,S001208,UCavPE_osOr5wM3QYUzfs95A,,
0mU4aDhg4jw,https://www.youtube.com/watch?v=0mU4aDhg4jw,Rep. Gabe Vasquez,Gabe Vasquez,V000136,UCYNflwnxykWBLTaNbuIFIqA,,
0nhZHXH6OfA,https://www.youtube.com/watch?v=0nhZHXH6OfA,Angie Craig,Angie Craig,C001119,UCIQeh8zK8g51o9pNGGglHVA,,
0tZOcvl5_Y8,https://www.youtube.com/watch?v=0tZOcvl5_Y8,Mahan for California,Mahan for California,https://www.youtube.com/channel/UCePbQz1iC9qgNcxtAwv3_zQ,UCePbQz1iC9qgNcxtAwv3_zQ,,
10Q1CNPszlU,https://www.youtube.com/watch?v=10Q1CNPszlU,C-SPAN,C-SPAN,https://www.youtube.com/channel/UCb--64Gl51jIEVE-GLDAVTg,UCb--64Gl51jIEVE-GLDAVTg,,
14UhCiMTn0Q,https://www.youtube.com/watch?v=14UhCiMTn0Q,House Committee on Agriculture,House Committee on Agriculture,https://www.youtube.com/channel/UCWtWf-QUTnJ-UMP5ZNWVB5Q,UCWtWf-QUTnJ-UMP5ZNWVB5Q,,
15_l42VxfeY,https://www.youtube.com/watch?v=15_l42VxfeY,Sen. Elissa Slotkin,Elissa Slotkin,S001208,UCavPE_osOr5wM3QYUzfs95A,,
185515,https://www.c-span.org/program/public-affairs-event/50-years-of-america-in-space/185515,C-SPAN,George Whitesides,W000830,,,185515
19u80rVF0-s,https://www.youtube.com/watch?v=19u80rVF0-s,Sen. Elissa Slotkin,Elissa Slotkin,S001208,UCavPE_osOr5wM3QYUzfs95A,,
1C1HGXkkdnI,https://www.youtube.com/watch?v=1C1HGXkkdnI,Sen. Ruben Gallego,Ruben Gallego,G000574,UCxggVFesZy65a0WBT3_roXQ,,
1G448FgLg0k,https://www.youtube.com/watch?v=1G448FgLg0k,Sen. Elissa Slotkin,Elissa Slotkin,S001208,UCavPE_osOr5wM3QYUzfs95A,,
1L3catgANAc,https://www.youtube.com/watch?v=1L3catgANAc,C-SPAN,"Johnny Olszewski, Jr.",O000176,UCb--64Gl51jIEVE-GLDAVTg,,
1MiLWTf4qJU,https://www.youtube.com/watch?v=1MiLWTf4qJU,Rep. Joe Neguse,Joe Neguse,N000191,UCukNKhsFrzM-LFtp43XPQtg,,
1MpGkUj8oXo,https://www.youtube.com/watch?v=1MpGkUj8oXo,Mahan for California,Mahan for California,https://www.youtube.com/channel/UCePbQz1iC9qgNcxtAwv3_zQ,UCePbQz1iC9qgNcxtAwv3_zQ,,
1Nr6E4l9GyY,https://www.youtube.com/watch?v=1Nr6E4l9GyY,Rep. Joe Neguse,Joe Neguse,N000191,UCukNKhsFrzM-LFtp43XPQtg,,
1QajYiuGgdU,https://www.youtube.com/watch?v=1QajYiuGgdU,Abigail Spanberger for Governor,Abigail Davis Spanberger,S001209,UCxJTgExEfcqCdIj4SMJyqrQ,,
1SVS1cW8EJs,https://www.youtube.com/watch?v=1SVS1cW8EJs,Rep. Auchincloss,Jake Auchincloss,A000148,UCLTp0xAT0gBrF8WReNliMwA,,
1T6MjaHSGHw,https://www.youtube.com/watch?v=1T6MjaHSGHw,Sen. Elissa Slotkin,Elissa Slotkin,S001208,UCavPE_osOr5wM3QYUzfs95A,,
1UubcqbCTkc,https://www.youtube.com/watch?v=1UubcqbCTkc,House Committee on Agriculture,House Committee on Agriculture,https://www.youtube.com/channel/UCWtWf-QUTnJ-UMP5ZNWVB5Q,UCWtWf-QUTnJ-UMP5ZNWVB5Q,,
1Xj_HGJen9M,https://www.youtube.com/watch?v=1Xj_HGJen9M,James Talarico,James Talarico,https://www.youtube.com/channel/UCY0jKbBT2SdUo-hLgDwz5qg,UCY0jKbBT2SdUo-hLgDwz5qg,,
1Z1m6T9hjyI,https://www.youtube.com/watch?v=1Z1m6T9hjyI,Rep. Auchincloss,Jake Auchincloss,A000148,UCLTp0xAT0gBrF8WReNliMwA,,
1dTpfDKT0NQ,https://www.youtube.com/watch?v=1dTpfDKT0NQ,Sen. Elissa Slotkin,Elissa Slotkin,S001208,UCavPE_osOr5wM3QYUzfs95A,,
1ft4Q_O4kss,https://www.youtube.com/watch?v=1ft4Q_O4kss,Rep. Auchincloss,Jake Auchincloss,A000148,UCLTp0xAT0gBrF8WReNliMwA,,
1kxhwyS6Pu4,https://www.youtube.com/watch?v=1kxhwyS6Pu4,Senator Michael Bennet,Michael F. Bennet,B001267,UCXB3cljpMwTyCUyLr2ZVLow,,
1locwlavlKA,https://www.youtube.com/watch?v=1locwlavlKA,Sen. Elissa Slotkin,Elissa Slotkin,S001208,UCavPE_osOr5wM3QYUzfs95A,,
1qnh0iyOz_M,https://www.youtube.com/watch?v=1qnh0iyOz_M,C-SPAN,C-SPAN,https://www.youtube.com/channel/UCb--64Gl51jIEVE-GLDAVTg,UCb--64Gl51jIEVE-GLDAVTg,,
1r7ANlPox80,https://www.youtube.com/watch?v=1r7ANlPox80,Maggie Goodlander for Congress,Maggie Goodlander,G000604,UCmy6ACpOou_Vb74yIMSc7hg,,
1se5hVMskUY,https://www.youtube.com/watch?v=1se5hVMskUY,James Talarico,James Talarico,https://www.youtube.com/channel/UCY0jKbBT2SdUo-hLgDwz5qg,UCY0jKbBT2SdUo-hLgDwz5qg,,
1vTVtE2yeZM,https://www.youtube.com/watch?v=1vTVtE2yeZM,Sen. Elissa Slotkin,Elissa Slotkin,S001208,UCavPE_osOr5wM3QYUzfs95A,,
1xmV6EaJlU8,https://www.youtube.com/watch?v=1xmV6EaJlU8,Sen. Elissa Slotkin,Elissa Slotkin,S001208,UCavPE_osOr5wM3QYUzfs95A,,
2-toUnJKEFM,https://www.youtube.com/watch?v=2-toUnJKEFM,Sen. Elissa Slotkin,Elissa Slotkin,S001208,UCavPE_osOr5wM3QYUzfs95A,,
24lbwdoalpA,https://www.youtube.com/watch?v=24lbwdoalpA,Congresswoman Sarah McBride,Sarah McBride,M001238,UCadfl-Ek-uH5SustAmPL40g,,
27s6m_dMT8c,https://www.youtube.com/watch?v=27s6m_dMT8c,Rep. Joe Neguse,Joe Neguse,N000191,UCukNKhsFrzM-LFtp43XPQtg,,
29c6BRLxf4c,https://www.youtube.com/watch?v=29c6BRLxf4c,Rep. Ritchie Torres,Ritchie Torres,T000486,UC332GOmhxGmHj3WRiHK4hFg,,
2C22hdsvrOo,https://www.youtube.com/watch?v=2C22hdsvrOo,C-SPAN,C-SPAN,https://www.youtube.com/channel/UCb--64Gl51jIEVE-GLDAVTg,UCb--64Gl51jIEVE-GLDAVTg,,
2HczMRgj3Bg,https://www.youtube.com/watch?v=2HczMRgj3Bg,Abigail Spanberger for Governor,Abigail Davis Spanberger,S001209,UCxJTgExEfcqCdIj4SMJyqrQ,,
2KR4OTiq-S4,https://www.youtube.com/watch?v=2KR4OTiq-S4,Senator Michael Bennet,Michael F. Bennet,B001267,UCXB3cljpMwTyCUyLr2ZVLow,,
2PXkVBy1niw,https://www.youtube.com/watch?v=2PXkVBy1niw,Rep. Auchincloss,Jake Auchincloss,A000148,UCLTp0xAT0gBrF8WReNliMwA,,
2RYeSpseVxk,https://www.youtube.com/watch?v=2RYeSpseVxk,Sen. Elissa Slotkin,Elissa Slotkin,S001208,UCavPE_osOr5wM3QYUzfs95A,,
2ZKLyv9LrfU,https://www.youtube.com/watch?v=2ZKLyv9LrfU,James Talarico,James Talarico,https://www.youtube.com/channel/UCY0jKbBT2SdUo-hLgDwz5qg,UCY0jKbBT2SdUo-hLgDwz5qg,,
2ZvikuAiPf0,https://www.youtube.com/watch?v=2ZvikuAiPf0,Rep. Auchincloss,Jake Auchincloss,A000148,UCLTp0xAT0gBrF8WReNliMwA,,
2bFovW4fxaE,https://www.youtube.com/watch?v=2bFovW4fxaE,House Committee on Agriculture,House Committee on Agriculture,https://www.youtube.com/channel/UCWtWf-QUTnJ-UMP5ZNWVB5Q,UCWtWf-QUTnJ-UMP5ZNWVB5Q,,
2cz-Yefgs4A,https://www.youtube.com/watch?v=2cz-Yefgs4A,C-SPAN,C-SPAN,https://www.youtube.com/channel/UCb--64Gl51jIEVE-GLDAVTg,UCb--64Gl51jIEVE-GLDAVTg,,
2fyCghm1XL0,https://www.youtube.com/watch?v=2fyCghm1XL0,Rep. Auchincloss,Jake Auchincloss,A000148,UCLTp0xAT0gBrF8WReNliMwA,,
2vd6li5AGTY,https://www.youtube.com/watch?v=2vd6li5AGTY,Congresswoman Sarah McBride,Sarah McBride,M001238,UCadfl-Ek-uH5SustAmPL40g,,
2yBw9Jzwozc,https://www.youtube.com/watch?v=2yBw9Jzwozc,U.S. Congressman Brendan Boyle,Brendan F. Boyle,B001296,UCMP_Anj7lz4eZuSh8GwFqQQ,,
3-55I4M1gc8,https://www.youtube.com/watch?v=3-55I4M1gc8,Mary Peltola,Mary Sattler Peltola,P000619,UCXHT0c_Cqdvp6UAfXDxuGow,,
3-eMgApP1Vg,https://www.youtube.com/watch?v=3-eMgApP1Vg,Senator Michael Bennet,Michael F. Bennet,B001267,UCXB3cljpMwTyCUyLr2ZVLow,,
31OEUW_Dkww,https://www.youtube.com/watch?v=31OEUW_Dkww,Maggie Goodlander for Congress,Maggie Goodlander,G000604,UCmy6ACpOou_Vb74yIMSc7hg,,
31U0LTWCQRs,https://www.youtube.com/watch?v=31U0LTWCQRs,Senator Michael Bennet,Michael F. Bennet,B001267,UCXB3cljpMwTyCUyLr2ZVLow,,
3AgUXdvzIBs,https://www.youtube.com/watch?v=3AgUXdvzIBs,Rep. Joe Neguse,Joe Neguse,N000191,UCukNKhsFrzM-LFtp43XPQtg,,
3Hhj9uG4FOo,https://www.youtube.com/watch?v=3Hhj9uG4FOo,Senator Michael Bennet,Michael F. Bennet,B001267,UCXB3cljpMwTyCUyLr2ZVLow,,
3LEPJbblbPE,https://www.youtube.com/watch?v=3LEPJbblbPE,Maggie Goodlander for Congress,Maggie Goodlander,G000604,UCmy6ACpOou_Vb74yIMSc7hg,,
3NEaYQ7nUmU,https://www.youtube.com/watch?v=3NEaYQ7nUmU,Maggie Goodlander for Congress,Maggie Goodlander,G000604,UCmy6ACpOou_Vb74yIMSc7hg,,
3R8_g2JdUTY,https://www.youtube.com/watch?v=3R8_g2JdUTY,Senator Michael Bennet,Michael F. Bennet,B001267,UCXB3cljpMwTyCUyLr2ZVLow,,
3WjTWq2ORUU,https://www.youtube.com/watch?v=3WjTWq2ORUU,Senator Michael Bennet,Michael F. Bennet,B001267,UCXB3cljpMwTyCUyLr2ZVLow,,
3X6_IAwgnfQ,https://www.youtube.com/watch?v=3X6_IAwgnfQ,James Talarico,James Talarico,https://www.youtube.com/channel/UCY0jKbBT2SdUo-hLgDwz5qg,UCY0jKbBT2SdUo-hLgDwz5qg,,
3Y7aTSM-7vQ,https://www.youtube.com/watch?v=3Y7aTSM-7vQ,Maggie Goodlander for Congress,Maggie Goodlander,G000604,UCmy6ACpOou_Vb74yIMSc7hg,,
3ZWU_9h0V-w,https://www.youtube.com/watch?v=3ZWU_9h0V-w,Maggie Goodlander for Congress,Maggie Goodlander,G000604,UCmy6ACpOou_Vb74yIMSc7hg,,
3_uAriGdii0,https://www.youtube.com/watch?v=3_uAriGdii0,Sen. Elissa Slotkin,Elissa Slotkin,S001208,UCavPE_osOr5wM3QYUzfs95A,,
3aRrZ03hTmU,https://www.youtube.com/watch?v=3aRrZ03hTmU,Congresswoman Mikie Sherrill,Eliakim Sherrill,S000351,UCt32kuHrxtXlv2JI5FDn0kg,,
3hUWwwCkC-o,https://www.youtube.com/watch?v=3hUWwwCkC-o,Jared Golden for Congress,Jared F. Golden,G000592,UC1OE1T2yMDZ8qPu1bWvQokA,,
3jBEp4VneUU,https://www.youtube.com/watch?v=3jBEp4VneUU,C-SPAN,C-SPAN,https://www.youtube.com/channel/UCb--64Gl51jIEVE-GLDAVTg,UCb--64Gl51jIEVE-GLDAVTg,,
3kpzuGvkJb4,https://www.youtube.com/watch?v=3kpzuGvkJb4,Rep. Auchincloss,Jake Auchincloss,A000148,UCLTp0xAT0gBrF8WReNliMwA,,
3llM5KZl9UM,https://www.youtube.com/watch?v=3llM5KZl9UM,Rep. Joe Neguse,Joe Neguse,N000191,UCukNKhsFrzM-LFtp43XPQtg,,
3nBZMqEeQzA,https://www.youtube.com/watch?v=3nBZMqEeQzA,Rep. Marie Gluesenkamp Perez,Marie Gluesenkamp Perez,G000600,UCo4paf7SbVdHOi67ayp1DDg,,
3npNhHPFbn4,https://www.youtube.com/watch?v=3npNhHPFbn4,James Talarico,James Talarico,https://www.youtube.com/channel/UCY0jKbBT2SdUo-hLgDwz5qg,UCY0jKbBT2SdUo-hLgDwz5qg,,
3pyYrA9UIGI,https://www.youtube.com/watch?v=3pyYrA9UIGI,Sen. Ruben Gallego,Ruben Gallego,G000574,UCxggVFesZy65a0WBT3_roXQ,,
3qwHegd8QVI,https://www.youtube.com/watch?v=3qwHegd8QVI,Sen. Elissa Slotkin,Elissa Slotkin,S001208,UCavPE_osOr5wM3QYUzfs95A,,
3uxaMn7Ja-c,https://www.youtube.com/watch?v=3uxaMn7Ja-c,Sen. Elissa Slotkin,Elissa Slotkin,S001208,UCavPE_osOr5wM3QYUzfs95A,,
3vy5xCgE_G0,https://www.youtube.com/watch?v=3vy5xCgE_G0,House Committee on Agriculture,House Committee on Agriculture,https://www.youtube.com/channel/UCWtWf-QUTnJ-UMP5ZNWVB5Q,UCWtWf-QUTnJ-UMP5ZNWVB5Q,,
3yWS1DxA7tk,https://www.youtube.com/watch?v=3yWS1DxA7tk,James Talarico,James Talarico,https://www.youtube.com/channel/UCY0jKbBT2SdUo-hLgDwz5qg,UCY0jKbBT2SdUo-hLgDwz5qg,,
443365,https://www.c-span.org/program/public-affairs-event/washington-post-transformers-summit-part-2/443365,C-SPAN,George Whitesides,W000830,,,443365
45WmHKu0IH4,https://www.youtube.com/watch?v=45WmHKu0IH4,C-SPAN,C-SPAN,https://www.youtube.com/channel/UCb--64Gl51jIEVE-GLDAVTg,UCb--64Gl51jIEVE-GLDAVTg,,
489943,https://www.c-span.org/program/public-affairs-event/hillary-clinton-at-human-rights-campaign-national-dinner/489943,C-SPAN,Sarah McBride,M001238,,,489943
4B5rC1GQhtk,https://www.youtube.com/watch?v=4B5rC1GQhtk,Rep. Ritchie Torres,Norma J. Torres,T000474,UC332GOmhxGmHj3WRiHK4hFg,,
4BLBdPXvvSg,https://www.youtube.com/watch?v=4BLBdPXvvSg,Jeff Jackson,Jeff Jackson,J000308,UCMS_OsMEOc1s9hlwRvQyahg,,
4BYGj3vY75A,https://www.youtube.com/watch?v=4BYGj3vY75A,Congresswoman Sarah McBride,Sarah McBride,M001238,UCadfl-Ek-uH5SustAmPL40g,,
4CUgLtkAcuQ,https://www.youtube.com/watch?v=4CUgLtkAcuQ,Senator Michael Bennet,Michael F. Bennet,B001267,UCXB3cljpMwTyCUyLr2ZVLow,,
4HZimX6KCdk,https://www.youtube.com/watch?v=4HZimX6KCdk,Sen. Mallory McMorrow,Stephen Mallory,M000084,UCUNrNIDIIoXI6W-TCj58HSg,,
4Hk8823RC1M,https://www.youtube.com/watch?v=4Hk8823RC1M,Abigail Spanberger for Governor,Abigail Davis Spanberger,S001209,UCxJTgExEfcqCdIj4SMJyqrQ,,
4IleokSc-tY,https://www.youtube.com/watch?v=4IleokSc-tY,C-SPAN,C-SPAN,https://www.youtube.com/channel/UCb--64Gl51jIEVE-GLDAVTg,UCb--64Gl51jIEVE-GLDAVTg,,
4Kh0XEL8wpY,https://www.youtube.com/watch?v=4Kh0XEL8wpY,Sen. Ruben Gallego,Ruben Gallego,G000574,UCxggVFesZy65a0WBT3_roXQ,,
4TGlM0U1wFA,https://www.youtube.com/watch?v=4TGlM0U1wFA,Mary Peltola,Mary Sattler Peltola,P000619,UCXHT0c_Cqdvp6UAfXDxuGow,,
4Wf6RZdbLxk,https://www.youtube.com/watch?v=4Wf6RZdbLxk,U.S. Congressman Brendan Boyle,Brendan F. Boyle,B001296,UCMP_Anj7lz4eZuSh8GwFqQQ,,
4WnCxDzhEc4,https://www.youtube.com/watch?v=4WnCxDzhEc4,Sen. Elissa Slotkin,Elissa Slotkin,S001208,UCavPE_osOr5wM3QYUzfs95A,,
4cAtHj5KaVE,https://www.youtube.com/watch?v=4cAtHj5KaVE,Sen. Ruben Gallego,Ruben Gallego,G000574,UCxggVFesZy65a0WBT3_roXQ,,
4d9ZgGnND6w,https://www.youtube.com/watch?v=4d9ZgGnND6w,Angie Craig,Angie Craig,C001119,UCIQeh8zK8g51o9pNGGglHVA,,
4e48tqk306Y,https://www.youtube.com/watch?v=4e48tqk306Y,Congresswoman Mikie Sherrill,Eliakim Sherrill,S000351,UCt32kuHrxtXlv2JI5FDn0kg,,
4eCKDEI0t0c,https://www.youtube.com/watch?v=4eCKDEI0t0c,Sen. Elissa Slotkin,Elissa Slotkin,S001208,UCavPE_osOr5wM3QYUzfs95A,,
4frLSCvN-8k,https://www.youtube.com/watch?v=4frLSCvN-8k,Mahan for California,Mahan for California,https://www.youtube.com/channel/UCePbQz1iC9qgNcxtAwv3_zQ,UCePbQz1iC9qgNcxtAwv3_zQ,,
4hqJhIdokB4,https://www.youtube.com/watch?v=4hqJhIdokB4,Congresswoman Mikie Sherrill,Mikie Sherrill,S001207,UCt32kuHrxtXlv2JI5FDn0kg,,
4jx7Up2nSOc,https://www.youtube.com/watch?v=4jx7Up2nSOc,Rep. Auchincloss,Jake Auchincloss,A000148,UCLTp0xAT0gBrF8WReNliMwA,,
4kV7YpCYQ5w,https://www.youtube.com/watch?v=4kV7YpCYQ5w,House Committee on Agriculture,House Committee on Agriculture,https://www.youtube.com/channel/UCWtWf-QUTnJ-UMP5ZNWVB5Q,UCWtWf-QUTnJ-UMP5ZNWVB5Q,,
4qGo2TzSUiA,https://www.youtube.com/watch?v=4qGo2TzSUiA,U.S. Congressman Brendan Boyle,Brendan F. Boyle,B001296,UCMP_Anj7lz4eZuSh8GwFqQQ,,
4rezYAeuD9I,https://www.youtube.com/watch?v=4rezYAeuD9I,U.S. Congressman Brendan Boyle,Brendan F. Boyle,B001296,UCMP_Anj7lz4eZuSh8GwFqQQ,,
4rtKBT0bsC4,https://www.youtube.com/watch?v=4rtKBT0bsC4,House Committee on Agriculture,House Committee on Agriculture,https://www.youtube.com/channel/UCWtWf-QUTnJ-UMP5ZNWVB5Q,UCWtWf-QUTnJ-UMP5ZNWVB5Q,,
4uib8Xxk76g,https://www.youtube.com/watch?v=4uib8Xxk76g,Abigail Spanberger for Governor,Abigail Davis Spanberger,S001209,UCxJTgExEfcqCdIj4SMJyqrQ,,
4xMOnysnhh8,https://www.youtube.com/watch?v=4xMOnysnhh8,Rep. Auchincloss,Jake Auchincloss,A000148,UCLTp0xAT0gBrF8WReNliMwA,,
4zwzOnxGL1M,https://www.youtube.com/watch?v=4zwzOnxGL1M,Rep. Joe Neguse,Joe Neguse,N000191,UCukNKhsFrzM-LFtp43XPQtg,,
502f9-QBKB0,https://www.youtube.com/watch?v=502f9-QBKB0,Senator Michael Bennet,Michael F. Bennet,B001267,UCXB3cljpMwTyCUyLr2ZVLow,,
511741,https://www.c-span.org/program/public-affairs-event/human-rights-campaign-dinner-joe-biden-remarks/511741,C-SPAN,Sarah McBride,M001238,,,511741
520296,https://www.c-span.org/program/road-to-the-white-house-2020/julin-castro-2020-presidential-bid-announcement-intro-speakers/520296,C-SPAN,John James,J000307,,,520296
520tWmedmRI,https://www.youtube.com/watch?v=520tWmedmRI,C-SPAN,Christopher A. Coons,C001088,UCb--64Gl51jIEVE-GLDAVTg,,
529819,https://www.c-span.org/program/house-committee/robert-mueller-testifies-before-house-judiciary-committee/529819,C-SPAN,Joe Neguse,N000191,,,529819
547835,https://www.c-span.org/program/house-committee/house-hearing-on-economic-injury-disaster-loan-program/547835,C-SPAN,Jared F. Golden,G000592,,,547835
549742,https://www.c-span.org/program/us-house-of-representatives/house-session-part-1/549742,C-SPAN,Jared F. Golden,G000592,,,549742
553662,https://www.c-span.org/program/us-house-of-representatives/house-session-part-1/553662,C-SPAN,Jared F. Golden,G000592,,,553662
556834,https://www.c-span.org/program/us-house-of-representatives/house-session/556834,C-SPAN,Jared F. Golden,G000592,,,556834
56zj-WDDIoo,https://www.youtube.com/watch?v=56zj-WDDIoo,Sen. Elissa Slotkin,Elissa Slotkin,S001208,UCavPE_osOr5wM3QYUzfs95A,,
57nXZPQJmao,https://www.youtube.com/watch?v=57nXZPQJmao,Sen. Ruben Gallego,Ruben Gallego,G000574,UCxggVFesZy65a0WBT3_roXQ,,
585673,https://www.c-span.org/program/us-house-of-representatives/house-session/585673,C-SPAN,Jared F. Golden,G000592,,,585673
588015,https://www.c-span.org/program/public-affairs-event/national-economic-council-director-addresses-us-conference-of-mayors-winter-meeting/588015,C-SPAN,David Paige,P000025,,,588015
588665,https://www.c-span.org/program/house-committee/house-hearing-on-covid-19-pandemic-and-small-businesses/588665,C-SPAN,Jared F. Golden,G000592,,,588665
590474,https://www.c-span.org/program/house-committee/house-small-business-committee-hearing-on-the-paycheck-protection-program/590474,C-SPAN,Jared F. Golden,G000592,,,590474
593079,https://www.c-span.org/program/house-committee/marine-corps-amphibious-assault-vehicle-training-accident-investigation/593079,C-SPAN,Jared F. Golden,G000592,,,593079
595051,https://www.c-span.org/program/house-committee/defense-department-fiscal-year-2022-budget-request/595051,C-SPAN,Jared F. Golden,G000592,,,595051
596048,https://www.c-span.org/program/house-committee/covid-19-and-rural-small-businesses/596048,C-SPAN,Jared F. Golden,G000592,,,596048
5GHzcsVnDHk,https://www.youtube.com/watch?v=5GHzcsVnDHk,Maggie Goodlander for Congress,Maggie Goodlander,G000604,UCmy6ACpOou_Vb74yIMSc7hg,,
5I9UD8Qepjk,https://www.youtube.com/watch?v=5I9UD8Qepjk,Rep. Marie Gluesenkamp Perez,Marie Gluesenkamp Perez,G000600,UCo4paf7SbVdHOi67ayp1DDg,,
5Nuzw7oUVto,https://www.youtube.com/watch?v=5Nuzw7oUVto,Sen. Elissa Slotkin,Elissa Slotkin,S001208,UCavPE_osOr5wM3QYUzfs95A,,
5SVOAXBIbUo,https://www.youtube.com/watch?v=5SVOAXBIbUo,Maggie Goodlander for Congress,Maggie Goodlander,G000604,UCmy6ACpOou_Vb74yIMSc7hg,,
5V7LNXCAqdQ,https://www.youtube.com/watch?v=5V7LNXCAqdQ,U.S. Congressman Brendan Boyle,Brendan F. Boyle,B001296,UCMP_Anj7lz4eZuSh8GwFqQQ,,
5VUn-jrA1TA,https://www.youtube.com/watch?v=5VUn-jrA1TA,Rep. Joe Neguse,Joe Neguse,N000191,UCukNKhsFrzM-LFtp43XPQtg,,
5WJTMjLNI2A,https://www.youtube.com/watch?v=5WJTMjLNI2A,Sen. Ruben Gallego,Ruben Gallego,G000574,UCxggVFesZy65a0WBT3_roXQ,,
5X6v1V2g3Fs,https://www.youtube.com/watch?v=5X6v1V2g3Fs,Sen. Elissa Slotkin,Elissa Slotkin,S001208,UCavPE_osOr5wM3QYUzfs95A,,
5XPrwrFVx84,https://www.youtube.com/watch?v=5XPrwrFVx84,House Committee on Agriculture,House Committee on Agriculture,https://www.youtube.com/channel/UCWtWf-QUTnJ-UMP5ZNWVB5Q,UCWtWf-QUTnJ-UMP5ZNWVB5Q,,
5YaUy3HGXfk,https://www.youtube.com/watch?v=5YaUy3HGXfk,C-SPAN,C-SPAN,https://www.youtube.com/channel/UCb--64Gl51jIEVE-GLDAVTg,UCb--64Gl51jIEVE-GLDAVTg,,
5ZW5Z1XZLuA,https://www.youtube.com/watch?v=5ZW5Z1XZLuA,Sen. Ruben Gallego,Ruben Gallego,G000574,UCxggVFesZy65a0WBT3_roXQ,,
5_MPutbKi-s,https://www.youtube.com/watch?v=5_MPutbKi-s,C-SPAN,C-SPAN,https://www.youtube.com/channel/UCb--64Gl51jIEVE-GLDAVTg,UCb--64Gl51jIEVE-GLDAVTg,,
5cK1ihYjYjQ,https://www.youtube.com/watch?v=5cK1ihYjYjQ,James Talarico,James Talarico,https://www.youtube.com/channel/UCY0jKbBT2SdUo-hLgDwz5qg,UCY0jKbBT2SdUo-hLgDwz5qg,,
5mLs4Knx58c,https://www.youtube.com/watch?v=5mLs4Knx58c,Sen. Elissa Slotkin,Elissa Slotkin,S001208,UCavPE_osOr5wM3QYUzfs95A,,
5wjZ9l_Fbkw,https://www.youtube.com/watch?v=5wjZ9l_Fbkw,Sen. Ruben Gallego,Ruben Gallego,G000574,UCxggVFesZy65a0WBT3_roXQ,,
5z4C0USJcFk,https://www.youtube.com/watch?v=5z4C0USJcFk,Senator Michael Bennet,Michael F. Bennet,B001267,UCXB3cljpMwTyCUyLr2ZVLow,,
602194,https://www.c-span.org/program/house-committee/house-hearing-on-military-fiscal-year-2022-budget-request-and-readiness/602194,C-SPAN,Jared F. Golden,G000592,,,602194
602377,https://www.c-span.org/program/house-committee/house-armed-services-committee-marks-up-national-defense-authorization-act/602377,C-SPAN,Jared F. Golden,G000592,,,602377
603061,https://www.c-span.org/program/us-house-of-representatives/house-session-part-2/603061,C-SPAN,Jared F. Golden,G000592,,,603061
604173,https://www.c-span.org/program/white-house-event/president-biden-on-infrastructure-in-scranton-pennsylvania/604173,C-SPAN,David Paige,P000025,,,604173
607257,https://www.c-span.org/program/house-committee/house-hearing-on-small-business-administration-management/607257,C-SPAN,Jared F. Golden,G000592,,,607257
610537,https://www.c-span.org/program/house-committee/defense-department-fiscal-year-2023-budget-request/610537,C-SPAN,Jared F. Golden,G000592,,,610537
614345,https://www.c-span.org/program/campaign-2022/alaska-us-house-at-large-debate/614345,C-SPAN,Mary Sattler Peltola,P000619,,,614345
614349,https://www.c-span.org/program/campaign-2022/democratic-candidate-summit-panel-on-local-and-state-strategies/614349,C-SPAN,John James,J000307,,,614349
614699,https://www.c-span.org/program/us-house-of-representatives/house-session/614699,C-SPAN,Jared F. Golden,G000592,,,614699
616825,https://www.c-span.org/program/public-affairs-event/speaker-pelosi-ceremonial-swearing-in-of-new-representatives/616825,C-SPAN,Mary Sattler Peltola,P000619,,,616825
616861,https://www.c-span.org/program/house-committee/hearing-on-right-to-repair-laws/616861,C-SPAN,Jared F. Golden,G000592,,,616861
616901,https://www.c-span.org/program/us-house-of-representatives/house-session-part-3/616901,C-SPAN,Mary Sattler Peltola,P000619,,,616901
616935,https://www.c-span.org/program/campaign-2022/alaska-us-house-debate/616935,C-SPAN,Mary Sattler Peltola,P000619,,,616935
617546,https://www.c-span.org/program/us-house-of-representatives/house-session/617546,C-SPAN,Mary Sattler Peltola,P000619,,,617546
622063,https://www.c-span.org/program/us-house-of-representatives/house-session-part-2/622063,C-SPAN,Mary Sattler Peltola,P000619,,,622063
622607,https://www.c-span.org/program/public-affairs-event/house-republican-and-democratic-lawmakers-on-us-energy-policy/622607,C-SPAN,Mary Sattler Peltola,P000619,,,622607
623410,https://www.c-span.org/program/us-house-of-representatives/morning-hour/623410,C-SPAN,Patrick Ryan,R000579,,,623410
623699,https://www.c-span.org/program/house-committee/transportation-department-officials-testify-on-aviation-safety/623699,C-SPAN,Mary Sattler Peltola,P000619,,,623699
623761,https://www.c-span.org/program/house-committee/top-transportation-dept-officials-testify-on-aviation-safety-part-2/623761,C-SPAN,Mary Sattler Peltola,P000619,,,623761
623762,https://www.c-span.org/program/house-committee/top-transportation-dept-officials-testify-on-aviation-safety-part-1/623762,C-SPAN,Mary Sattler Peltola,P000619,,,623762
623801,https://www.c-span.org/program/us-house-of-representatives/house-session-part-2/623801,C-SPAN,Jared F. Golden,G000592,,,623801
624996,https://www.c-span.org/program/us-house-of-representatives/house-session-part-1/624996,C-SPAN,Abigail Davis Spanberger,S001209,,,624996
625840,https://www.c-span.org/program/us-house-of-representatives/house-session-part-2/625840,C-SPAN,Patrick Ryan,R000579,,,625840
626654,https://www.c-span.org/program/news-conference/house-democratic-leadership-news-conference/626654,C-SPAN,Patrick Ryan,R000579,,,626654
629042,https://www.c-span.org/program/house-committee/bureau-of-land-management-deputy-director-testifies-on-land-conservation-part-2/629042,C-SPAN,Mary Sattler Peltola,P000619,,,629042
629959,https://www.c-span.org/program/us-house-of-representatives/house-session-part-2/629959,C-SPAN,Patrick Ryan,R000579,,,629959
630008,https://www.c-span.org/program/us-house-of-representatives/house-session/630008,C-SPAN,Patrick Ryan,R000579,,,630008
630135,https://www.youtube.com/watch?v=630135,C-SPAN,C-SPAN Program,https://www.c-span.org/video/?630135-1,,,630135
630160,https://www.c-span.org/program/house-committee/house-hearing-on-military-use-of-artificial-intelligence/630160,C-SPAN,Patrick Ryan,R000579,,,630160
630230,https://www.c-span.org/program/house-committee/us-military-academies-oversight-hearing/630230,C-SPAN,Patrick Ryan,R000579,,,630230
630552,https://www.youtube.com/watch?v=630552,C-SPAN,C-SPAN Program,https://www.c-span.org/video/?630552-1,,,630552
632106,https://www.youtube.com/watch?v=632106,C-SPAN,C-SPAN Program,https://www.c-span.org/video/?632106-1,,,632106
632260,https://www.c-span.org/program/public-affairs-event/fema-administrator-testifies-on-disaster-readiness/632260,C-SPAN,Patrick Ryan,R000579,,,632260
632266,https://www.youtube.com/watch?v=632266,C-SPAN,C-SPAN Program,https://www.c-span.org/video/?632266-1,,,632266
632460,https://www.c-span.org/program/public-affairs-event/transportation-department-oversight-hearing-part-2/632460,C-SPAN,Patrick Ryan,R000579,,,632460
633758,https://www.c-span.org/program/washington-journal/rep-pat-ryan-on-house-speaker-election-and-israel-hamas-conflict/633758,C-SPAN,Patrick Ryan,R000579,,,633758
634231,https://www.youtube.com/watch?v=634231,C-SPAN,C-SPAN Program,https://www.c-span.org/video/?634231-1,,,634231
634381,https://www.c-span.org/program/us-house-of-representatives/house-session-part-1/634381,C-SPAN,Patrick Ryan,R000579,,,634381
634588,https://www.c-span.org/program/us-house-of-representatives/house-session-part-2/634588,C-SPAN,Patrick Ryan,R000579,,,634588
634590,https://www.youtube.com/watch?v=634590,C-SPAN,C-SPAN Program,https://www.c-span.org/video/?634590-1,,,634590
634733,https://www.c-span.org/program/us-house-of-representatives/house-session-part-1/634733,C-SPAN,Mary Sattler Peltola,P000619,,,634733
634811,https://www.youtube.com/watch?v=634811,C-SPAN,C-SPAN Program,https://www.c-span.org/video/?634811-1,,,634811
635533,https://www.youtube.com/watch?v=635533,C-SPAN,C-SPAN Program,https://www.c-span.org/video/?635533-1,,,635533
635776,https://www.youtube.com/watch?v=635776,C-SPAN,C-SPAN Program,https://www.c-span.org/video/?635776-1,,,635776
635962,https://www.c-span.org/program/us-house-of-representatives/house-session-part-2/635962,C-SPAN,Patrick Ryan,R000579,,,635962
636065,https://www.youtube.com/watch?v=636065,C-SPAN,C-SPAN Program,https://www.c-span.org/video/?636065-1,,,636065
637310,https://www.c-span.org/program/us-house-of-representatives/house-session-part-1/637310,C-SPAN,Mary Sattler Peltola,P000619,,,637310
637406,https://www.c-span.org/program/public-affairs-event/budget-committee-chair-arrington-news-conference-on-bipartisan-fiscal-commission/637406,C-SPAN,Jared F. Golden,G000592,,,637406
637703,https://www.youtube.com/watch?v=637703,C-SPAN,C-SPAN Program,https://www.c-span.org/video/?637703-1,,,637703
637835,https://www.youtube.com/watch?v=637835,C-SPAN,C-SPAN Program,https://www.c-span.org/video/?637835-1,,,637835
638023,https://www.c-span.org/program/public-affairs-event/financial-stability-oversight-council-report/638023,C-SPAN,Norma J. Torres,T000474,,,638023
638436,https://www.c-span.org/program/us-house-of-representatives/house-session-part-1/638436,C-SPAN,Patrick Ryan,R000579,,,638436
639416,https://www.c-span.org/program/public-affairs-event/intelligenceofficials-testify-on-global-threats-and-national-security/639416,C-SPAN,Abigail Davis Spanberger,S001209,,,639416
639662,https://www.c-span.org/program/us-house-of-representatives/house-session/639662,C-SPAN,Patrick Ryan,R000579,,,639662
639683,https://www.c-span.org/program/public-affairs-event/hearing-on-defense-department-software-and-innovation/639683,C-SPAN,Patrick Ryan,R000579,,,639683
640006,https://www.youtube.com/watch?v=640006,C-SPAN,C-SPAN Program,https://www.c-span.org/video/?640006-1,,,640006
640716,https://www.youtube.com/watch?v=640716,C-SPAN,C-SPAN Program,https://www.c-span.org/video/?640716-1,,,640716
641101,https://www.c-span.org/program/us-house-of-representatives/house-session-part-1/641101,C-SPAN,Patrick Ryan,R000579,,,641101
641690,https://www.c-span.org/program/us-house-of-representatives/house-session/641690,C-SPAN,Mary Sattler Peltola,P000619,,,641690
642174,https://www.c-span.org/program/public-affairs-event/house-oversight-hearing-of-financial-regulators/642174,C-SPAN,Norma J. Torres,T000474,,,642174
642179,https://www.c-span.org/program/us-house-of-representatives/morning-hour/642179,C-SPAN,Patrick Ryan,R000579,,,642179
642267,https://www.youtube.com/watch?v=642267,C-SPAN,C-SPAN Program,https://www.c-span.org/video/?642267-1,,,642267
642637,https://www.c-span.org/program/us-house-of-representatives/morning-hour/642637,C-SPAN,Abigail Davis Spanberger,S001209,,,642637
643616,https://www.youtube.com/watch?v=643616,C-SPAN,C-SPAN Program,https://www.c-span.org/video/?643616-1,,,643616
643646,https://www.c-span.org/program/public-affairs-event/consumer-financial-protection-bureau-semiannual-report-part-2/643646,C-SPAN,Norma J. Torres,T000474,,,643646
643776,https://www.c-span.org/program/public-affairs-event/us-conference-of-mayors-discussion-on-the-economy/643776,C-SPAN,David Paige,P000025,,,643776
643777,https://www.youtube.com/watch?v=643777,C-SPAN,C-SPAN Program,https://www.c-span.org/video/?643777-1,,,643777
643779,https://www.youtube.com/watch?v=643779,C-SPAN,C-SPAN Program,https://www.c-span.org/video/?643779-1,,,643779
643866,https://www.youtube.com/watch?v=643866,C-SPAN,C-SPAN Program,https://www.c-span.org/video/?643866-1,,,643866
643876,https://www.youtube.com/watch?v=643876,C-SPAN,C-SPAN Program,https://www.c-span.org/video/?643876-1,,,643876
643999,https://www.c-span.org/program/us-house-of-representatives/house-session-part-1/643999,C-SPAN,Patrick Ryan,R000579,,,643999
644119,https://www.c-span.org/program/public-affairs-event/transportation-department-oversight-hearing-with-secretary-buttigieg-part-2/644119,C-SPAN,Mary Sattler Peltola,P000619,,,644119
644376,https://www.c-span.org/program/public-affairs-event/federal-reserve-chair-testifies-on-economic-outlook-and-monetary-policy/644376,C-SPAN,Norma J. Torres,T000474,,,644376
644381,https://www.c-span.org/program/public-affairs-event/foreign-policy-magazine-discussion-on-nato-and-transatlantic-security/644381,C-SPAN,Jake Auchincloss,A000148,,,644381
644444,https://www.c-span.org/program/public-affairs-event/treasury-secretary-yellen-testifies-on-international-financial-system-soundness/644444,C-SPAN,Norma J. Torres,T000474,,,644444
644525,https://www.c-span.org/program/public-affairs-event/rep-jamie-raskin-and-state-lawmakers-on-project-2025/644525,C-SPAN,John James,J000307,,,644525
644740,https://www.youtube.com/watch?v=644740,C-SPAN,C-SPAN Program,https://www.c-span.org/video/?644740-1,,,644740
644754,https://www.youtube.com/watch?v=644754,C-SPAN,C-SPAN Program,https://www.c-span.org/video/?644754-1,,,644754
644791,https://www.youtube.com/watch?v=644791,C-SPAN,C-SPAN Program,https://www.c-span.org/video/?644791-1,,,644791
645406,https://www.c-span.org/program/us-house-of-representatives/house-session-part-3/645406,C-SPAN,Abigail Davis Spanberger,S001209,,,645406
647458,https://www.youtube.com/watch?v=647458,C-SPAN,C-SPAN Program,https://www.c-span.org/video/?647458-1,,,647458
647461,https://www.c-span.org/program/campaign-2024/democratic-national-convention-day-4/647461,C-SPAN,Joe Neguse,N000191,,,647461
647469,https://www.youtube.com/watch?v=647469,C-SPAN,C-SPAN Program,https://www.c-span.org/video/?647469-1,,,647469
648747,https://www.c-span.org/program/us-house-of-representatives/house-session-part-1/648747,C-SPAN,Jake Auchincloss,A000148,,,648747
649266,https://www.c-span.org/program/us-house-of-representatives/house-session-part-2/649266,C-SPAN,Norma J. Torres,T000474,,,649266
649389,https://www.c-span.org/program/us-house-of-representatives/house-session-part-1/649389,C-SPAN,Abigail Davis Spanberger,S001209,,,649389
649464,https://www.c-span.org/program/us-house-of-representatives/house-session-part-2/649464,C-SPAN,Gabe Vasquez,V000136,,,649464
649518,https://www.c-span.org/program/campaign-2024/maine-2nd-congressional-district-debate/649518,C-SPAN,Jared F. Golden,G000592,,,649518
649531,https://www.c-span.org/program/public-affairs-event/local-officials-and-energy-industry-executives-testify-on-puerto-ricos-electric-grid/649531,C-SPAN,Norma J. Torres,T000474,,,649531
649937,https://www.c-span.org/program/campaign-2024/new-york-19th-congressional-district-debate/649937,C-SPAN,Josh Riley,R000622,,,649937
649970,https://www.c-span.org/program/campaign-2024/maine-2nd-congressional-district-debate/649970,C-SPAN,Jared F. Golden,G000592,,,649970
649978,https://www.c-span.org/program/campaign-2024/alaska-at-large-congressional-district-debate/649978,C-SPAN,Mary Sattler Peltola,P000619,,,649978
64WvGflD1FA,https://www.youtube.com/watch?v=64WvGflD1FA,Rep. Auchincloss,Jake Auchincloss,A000148,UCLTp0xAT0gBrF8WReNliMwA,,
64kOvrUgT3o,https://www.youtube.com/watch?v=64kOvrUgT3o,Rep. Joe Neguse,Joe Neguse,N000191,UCukNKhsFrzM-LFtp43XPQtg,,
650097,https://www.c-span.org/program/campaign-2024/maine-2nd-congressional-district-debate/650097,C-SPAN,Jared F. Golden,G000592,,,650097
650260,https://www.c-span.org/program/campaign-2024/new-yorks-18th-congressional-district-debate/650260,C-SPAN,Patrick Ryan,R000579,,,650260
651946,https://www.c-span.org/program/public-affairs-event/congressional-progressive-caucus-news-conference-with-new-members/651946,C-SPAN,Sarah McBride,M001238,,,651946
652058,https://www.c-span.org/program/us-house-of-representatives/house-session-part-2/652058,C-SPAN,Abigail Davis Spanberger,S001209,,,652058
652118,https://www.c-span.org/program/us-house-of-representatives/morning-hour/652118,C-SPAN,Patrick Ryan,R000579,,,652118
652121,https://www.c-span.org/program/public-affairs-event/coast-guard-and-arctic-region/652121,C-SPAN,Mary Sattler Peltola,P000619,,,652121
652342,https://www.c-span.org/program/public-affairs-event/2024-capitol-christmas-tree-lighting-ceremony/652342,C-SPAN,Mary Sattler Peltola,P000619,,,652342
652784,https://www.c-span.org/program/us-house-of-representatives/morning-hour/652784,C-SPAN,Jake Auchincloss,A000148,,,652784
652952,https://www.c-span.org/program/us-house-of-representatives/morning-hour/652952,C-SPAN,Abigail Davis Spanberger,S001209,,,652952
653095,https://www.c-span.org/program/us-house-of-representatives/house-session-part-2/653095,C-SPAN,Mary Sattler Peltola,P000619,,,653095
653176,https://www.c-span.org/program/public-affairs-event/bipartisan-lawmakers-judge-army-navy-debate/653176,C-SPAN,Patrick Ryan,R000579,,,653176
654432,https://www.c-span.org/program/us-house-of-representatives/morning-hour/654432,C-SPAN,Gabe Vasquez,V000136,,,654432
654818,https://www.c-span.org/program/house-committee/witnesses-testify-on-us-freight-and-passenger-rail-network-system/654818,C-SPAN,Patrick Ryan,R000579,,,654818
655634,https://www.c-span.org/program/interview/representative-sarah-mcbride-profile-interview/655634,C-SPAN,Sarah McBride,M001238,,,655634
655645,https://www.youtube.com/watch?v=655645,C-SPAN,C-SPAN Program,https://www.c-span.org/video/?655645-1,,,655645
655798,https://www.c-span.org/program/house-committee/house-hearing-on-usaid-part-2/655798,C-SPAN,Sarah McBride,M001238,,,655798
656220,https://www.c-span.org/program/us-house-of-representatives/morning-hour/656220,C-SPAN,Gabe Vasquez,V000136,,,656220
656290,https://www.c-span.org/program/us-house-of-representatives/morning-hour/656290,C-SPAN,Sarah McBride,M001238,,,656290
656332,https://www.c-span.org/program/us-house-of-representatives/house-session-part-2/656332,C-SPAN,George Whitesides,W000830,,,656332
656405,https://www.c-span.org/program/us-house-of-representatives/morning-hour/656405,C-SPAN,Gabe Vasquez,V000136,,,656405
656961,https://www.c-span.org/program/us-house-of-representatives/morning-hour/656961,C-SPAN,Sarah McBride,M001238,,,656961
656985,https://www.c-span.org/program/house-committee/officials-testify-on-us-navy-shipbuilding/656985,C-SPAN,Jared F. Golden,G000592,,,656985
657043,https://www.c-span.org/program/interview/representative-george-whitesides-profile-interview/657043,C-SPAN,George Whitesides,W000830,,,657043
657135,https://www.c-span.org/program/news-conference/whip-katherine-clark-and-members-of-democratic-womens-caucus-at-issues-conference/657135,C-SPAN,Sarah McBride,M001238,,,657135
657592,https://www.c-span.org/program/us-house-of-representatives/morning-hour/657592,C-SPAN,Sarah McBride,M001238,,,657592
657690,https://www.c-span.org/program/news-conference/house-democrats-speak-to-reporters-on-yemen-strike-group-chat/657690,C-SPAN,Patrick Ryan,R000579,,,657690
657904,https://www.c-span.org/program/public-affairs-event/geopolitical-and-economic-impact-of-climate-change-in-the-arctic/657904,C-SPAN,Mary Sattler Peltola,P000619,,,657904
657975,https://www.c-span.org/program/house-committee/nasa-and-industry-executives-testify-on-commercial-moon-exploration/657975,C-SPAN,Maggie Goodlander,G000604,,,657975
658177,https://www.c-span.org/program/house-committee/us-trade-representative-testifies-on-president-trumps-trade-and-tariff-agenda/658177,C-SPAN,Brendan F. Boyle,B001296,,,658177
658211,https://www.c-span.org/program/us-house-of-representatives/morning-hour/658211,C-SPAN,Patrick Ryan,R000579,,,658211
659330,https://www.c-span.org/program/us-house-of-representatives/house-session/659330,C-SPAN,Sarah McBride,M001238,,,659330
659513,https://www.c-span.org/program/us-house-of-representatives/morning-hour/659513,C-SPAN,Sarah McBride,M001238,,,659513
659536,https://www.c-span.org/program/us-house-of-representatives/morning-hour/659536,C-SPAN,Jake Auchincloss,A000148,,,659536
659784,https://www.c-span.org/program/house-committee/house-ways-and-means-committee-debates-president-trumps-tax-cuts/659784,C-SPAN,Brendan F. Boyle,B001296,,,659784
660073,https://www.c-span.org/program/house-committee/house-budget-committee-revotes-and-approves-the-republican-tax-and-spending-package/660073,C-SPAN,Brendan F. Boyle,B001296,,,660073
660125,https://www.c-span.org/program/us-house-of-representatives/morning-hour/660125,C-SPAN,Sarah McBride,M001238,,,660125
660131,https://www.c-span.org/program/us-house-of-representatives/house-session-part-1/660131,C-SPAN,Brendan F. Boyle,B001296,,,660131
660138,https://www.c-span.org/program/senate-committee/irs-commissioner-nominee-billy-long-testifies-at-confirmation-hearing/660138,C-SPAN,Michael F. Bennet,B001267,,,660138
660724,https://www.c-span.org/program/public-affairs-event/lawmakers-and-officials-receive-awards-at-ai-gala-part-1/660724,C-SPAN,Brendan F. Boyle,B001296,,,660724
660762,https://www.c-span.org/program/us-senate/senate-session-part-2/660762,C-SPAN,Michael F. Bennet,B001267,,,660762
661081,https://www.c-span.org/program/us-house-of-representatives/morning-hour/661081,C-SPAN,Sarah McBride,M001238,,,661081
661374,https://www.c-span.org/program/public-affairs-event/mayors-and-policy-advocates-on-republican-tax-and-spending-cuts-bill/661374,C-SPAN,David Paige,P000025,,,661374
661487,https://www.c-span.org/program/public-affairs-event/us-conference-of-mayors-discussion-on-mayoral-and-state-alliances/661487,C-SPAN,David Paige,P000025,,,661487
661735,https://www.c-span.org/program/us-house-of-representatives/house-session-part-1/661735,C-SPAN,Sarah McBride,M001238,,,661735
662397,https://www.c-span.org/program/house-committee/department-of-transportation-fiscal-year-2026-budget-request-part-1/662397,C-SPAN,Patrick Ryan,R000579,,,662397
662592,https://www.youtube.com/watch?v=662592,C-SPAN,C-SPAN Program,https://www.c-span.org/video/?662592-1,,,662592
662812,https://www.c-span.org/program/us-house-of-representatives/morning-hour/662812,C-SPAN,George Whitesides,W000830,,,662812
663605,https://www.c-span.org/program/senate-committee/deputy-agriculture-secretary-testifies-on-proposed-usda-reorganization/663605,C-SPAN,Michael F. Bennet,B001267,,,663605
663679,https://www.youtube.com/watch?v=663679,C-SPAN,C-SPAN Program,https://www.c-span.org/video/?663679-1,,,663679
663811,https://www.c-span.org/program/public-affairs-event/texas-state-representative-james-talarico-on-religion-and-politics/663811,C-SPAN,John James,J000307,,,663811
665070,https://www.c-span.org/program/us-house-of-representatives/house-session-part-3/665070,C-SPAN,Janelle S. Bynum,B001326,,,665070
665361,https://www.c-span.org/program/us-house-of-representatives/house-session-part-3/665361,C-SPAN,Janelle S. Bynum,B001326,,,665361
665393,https://www.c-span.org/program/us-house-of-representatives/house-session-part-2/665393,C-SPAN,Maggie Goodlander,G000604,,,665393
665675,https://www.c-span.org/program/us-house-of-representatives/house-session-part-3/665675,C-SPAN,Janelle S. Bynum,B001326,,,665675
665749,https://www.c-span.org/program/house-committee/content-creators-testify-on-business-hurdles/665749,C-SPAN,Maggie Goodlander,G000604,,,665749
666867,https://www.c-span.org/program/senate-committee/confirmation-hearing-cia-and-treasury-department-nominations/666867,C-SPAN,Michael F. Bennet,B001267,,,666867
666941,https://www.c-span.org/program/campaign-2026/virginia-gubernatorial-debate/666941,C-SPAN,Abigail Davis Spanberger,S001209,,,666941
667371,https://www.youtube.com/watch?v=667371,C-SPAN,C-SPAN Program,https://www.c-span.org/video/?667371-1,,,667371
667603,https://www.c-span.org/program/campaign-2026/virginia-gubernatorial-candidate-spanberger-rally-in-charlottesville/667603,C-SPAN,Abigail Davis Spanberger,S001209,,,667603
667981,https://www.youtube.com/watch?v=667981,C-SPAN,C-SPAN Program,https://www.c-span.org/video/?667981-1,,,667981
668111,https://www.c-span.org/program/public-affairs-event/abigail-spanberger-speaks-at-latinos-for-spanberger-event/668111,C-SPAN,Abigail Davis Spanberger,S001209,,,668111
668450,https://www.c-span.org/program/us-senate/senate-session-part-2/668450,C-SPAN,Michael F. Bennet,B001267,,,668450
668552,https://www.c-span.org/program/us-senate/senate-session/668552,C-SPAN,Eliakim Sherrill,S000351,,,668552
668661,https://www.c-span.org/program/campaign-2025/virginia-governor-youngkin-welcomes-governor-elect-spanberger-to-governors-mansion/668661,C-SPAN,Abigail Davis Spanberger,S001209,,,668661
669167,https://www.c-span.org/program/house-committee/house-rules-committee-considers-upcoming-legislation-part-1/669167,C-SPAN,Joe Neguse,N000191,,,669167
669229,https://www.c-span.org/program/house-committee/house-rules-committee-considers-epstein-files-bill/669229,C-SPAN,Joe Neguse,N000191,,,669229
669299,https://www.c-span.org/program/senate-committee/lawmakers-hear-testimony-on-solutions-to-rising-health-care-costs/669299,C-SPAN,Michael F. Bennet,B001267,,,669299
669751,https://www.c-span.org/program/house-committee/hearing-on-the-impact-of-crime-on-small-businesses/669751,C-SPAN,Maggie Goodlander,G000604,,,669751
66VsUaae40U,https://www.youtube.com/watch?v=66VsUaae40U,Sen. Mallory McMorrow,Stephen Mallory,M000084,UCUNrNIDIIoXI6W-TCj58HSg,,
670081,https://www.c-span.org/program/public-affairs-event/reps-ken-calvert-and-pat-ryan-on-us-military-budget-priorities/670081,C-SPAN,Patrick Ryan,R000579,,,670081
670288,https://www.c-span.org/program/senate-committee/senate-rules-committee-debates-resolution-restricting-senator-pay-during-government-shutdown/670288,C-SPAN,Michael F. Bennet,B001267,,,670288
670496,https://www.youtube.com/watch?v=670496,C-SPAN,C-SPAN Program,https://www.c-span.org/video/?670496-1,,,670496
670498,https://www.c-span.org/program/house-committee/house-rules-committee-considers-republican-health-care-plan-part-1/670498,C-SPAN,Joe Neguse,N000191,,,670498
671325,https://www.c-span.org/program/house-committee/witnesses-testify-on-patient-access-to-medicare-services/671325,C-SPAN,Jake Auchincloss,A000148,,,671325
671390,https://www.c-span.org/program/us-house-of-representatives/house-session/671390,C-SPAN,Jake Auchincloss,A000148,,,671390
671421,https://www.c-span.org/program/washington-journal/rep-maggie-goodlander-on-us-military-action-in-venezuela-and-ice-related-shooting-in-minneapolis/671421,C-SPAN,Maggie Goodlander,G000604,,,671421
671542,https://www.c-span.org/program/state-legislature/virginia-gov-abigail-spanberger-delivers-inauguration-remarks/671542,C-SPAN,Abigail Davis Spanberger,S001209,,,671542
671575,https://www.c-span.org/program/news-conference/house-democratic-leadership-news-conference/671575,C-SPAN,Maggie Goodlander,G000604,,,671575
671584,https://www.c-span.org/program/us-house-of-representatives/house-session-part-3/671584,C-SPAN,Janelle S. Bynum,B001326,,,671584
671614,https://www.youtube.com/watch?v=671614,C-SPAN,C-SPAN Program,https://www.c-span.org/video/?671614-1,,,671614
671917,https://www.c-span.org/program/state-legislature/gov-spanberger-delivers-first-address-to-virginia-general-assembly/671917,C-SPAN,Abigail Davis Spanberger,S001209,,,671917
672018,https://www.c-span.org/program/us-house-of-representatives/house-session-part-1/672018,C-SPAN,Gabe Vasquez,V000136,,,672018
672054,https://www.c-span.org/program/house-committee/health-care-executives-and-others-testify-on-insurance-costs/672054,C-SPAN,Jake Auchincloss,A000148,,,672054
672081,https://www.c-span.org/program/us-house-of-representatives/house-session-part-2/672081,C-SPAN,Patrick Ryan,R000579,,,672081
672092,https://www.c-span.org/program/news-conference/virginia-governor-news-conference-on-winter-storm/672092,C-SPAN,Abigail Davis Spanberger,S001209,,,672092
672118,https://www.c-span.org/program/house-committee/former-special-counsel-jack-smith-testifies-on-trump-investigations-part-3/672118,C-SPAN,Joe Neguse,N000191,,,672118
672232,https://www.c-span.org/program/news-conference/virginia-governor-abigail-spanberger-holds-winter-weather-news-conference/672232,C-SPAN,Abigail Davis Spanberger,S001209,,,672232
672647,https://www.c-span.org/program/house-committee/house-rules-committee-considers-clinton-contempt-of-congress-consolidated-appropriations-and-other-bills/672647,C-SPAN,Joe Neguse,N000191,,,672647
672763,https://www.c-span.org/program/house-committee/house-rules-committee-considers-critical-minerals-legislation/672763,C-SPAN,Joe Neguse,N000191,,,672763
672774,https://www.c-span.org/program/house-committee/house-rules-committee-votes-on-clinton-contempt-of-congress-consolidated-appropriations-and-other-bills/672774,C-SPAN,Joe Neguse,N000191,,,672774
672831,https://www.c-span.org/program/us-house-of-representatives/morning-hour/672831,C-SPAN,Joe Neguse,N000191,,,672831
673168,https://www.c-span.org/program/house-committee/hearing-on-the-rising-cost-of-housing-and-borrowing/673168,C-SPAN,Norma J. Torres,T000474,,,673168
673171,https://www.c-span.org/program/us-house-of-representatives/house-session-part-3/673171,C-SPAN,Janelle S. Bynum,B001326,,,673171
673651,https://www.c-span.org/program/campaign-2026/james-talarico-campaigns-for-us-senate-in-austin-texas/673651,C-SPAN,John James,J000307,,,673651
673831,https://www.c-span.org/program/campaign-2026/james-talarico-campaigns-for-the-us-senate-in-el-paso-texas/673831,C-SPAN,John James,J000307,,,673831
673905,https://www.c-span.org/program/public-affairs-event/democratic-response-to-state-of-the-union-address/673905,C-SPAN,Abigail Davis Spanberger,S001209,,,673905
673916,https://www.c-span.org/program/house-committee/educators-and-policy-advocates-testify-on-career-training-and-technical-education/673916,C-SPAN,Maggie Goodlander,G000604,,,673916
674041,https://www.c-span.org/program/public-affairs-event/democratic-lawmakers-protest-president-trumps-state-of-the-union-address/674041,C-SPAN,Eliakim Sherrill,S000351,,,674041
674061,https://www.c-span.org/program/senate-committee/federal-officials-testify-on-regulating-banking-system/674061,C-SPAN,Eliakim Sherrill,S000351,,,674061
674102,https://www.c-span.org/program/senate-committee/defense-department-nominees-testify-at-confirmation-hearing/674102,C-SPAN,Elissa Slotkin,S001208,,,674102
674282,https://www.c-span.org/program/campaign-2026/james-talarico-campaigns-for-us-senate-in-san-antonio-texas/674282,C-SPAN,John James,J000307,,,674282
674639,https://www.youtube.com/watch?v=674639,C-SPAN,C-SPAN Program,https://www.c-span.org/video/?674639-1,,,674639
674645,https://www.youtube.com/watch?v=674645,C-SPAN,C-SPAN Program,https://www.c-span.org/video/?674645-1,,,674645
675024,https://www.c-span.org/program/senate-committee/domestic-consumption-of-us-grown-agriculture-products/675024,C-SPAN,Elissa Slotkin,S001208,,,675024
675195,https://www.c-span.org/program/senate-committee/us-military-commanders-testify-on-defense-readiness-in-europe-and-budget/675195,C-SPAN,Elissa Slotkin,S001208,,,675195
675316,https://www.c-span.org/program/senate-committee/national-security-officials-testify-on-global-threats-to-the-us/675316,C-SPAN,Michael F. Bennet,B001267,,,675316
675322,https://www.c-span.org/program/public-affairs-event/senators-banks-and-gallego-speak-at-national-security-and-innovation-summit/675322,C-SPAN,Eliakim Sherrill,S000351,,,675322
677478,https://www.c-span.org/program/senate-committee/president-trumps-federal-reserve-chair-nominee-testifies-at-confirmation-hearing/677478,C-SPAN,Eliakim Sherrill,S000351,,,677478
677757,https://www.c-span.org/program/senate-committee/department-of-energy-secretary-testifies-on-fiscal-year-2027-budget-request/677757,C-SPAN,Eliakim Sherrill,S000351,,,677757
678276,https://www.c-span.org/program/us-senate/senate-session-part-2/678276,C-SPAN,Eliakim Sherrill,S000351,,,678276
678337,https://www.c-span.org/program/senate-committee/senate-banking-committee-votes-on-fed-chair-nominee-kevin-warsh/678337,C-SPAN,Eliakim Sherrill,S000351,,,678337
678906,https://www.c-span.org/program/public-affairs-event/gov-spanberger-commencement-address-at-virginia-tech/678906,C-SPAN,Abigail Davis Spanberger,S001209,,,678906
679087,https://www.c-span.org/program/public-affairs-event/sen-elissa-slotkin-on-national-security/679087,C-SPAN,Elissa Slotkin,S001208,,,679087
679570,https://www.c-span.org/program/public-affairs-event/gov-abigail-spanberger-on-progressive-agenda/679570,C-SPAN,Abigail Davis Spanberger,S001209,,,679570
679573,https://www.c-span.org/program/senate-committee/secretary-doug-collins-testifies-on-veterans-affairs-priorities-and-budget/679573,C-SPAN,Eliakim Sherrill,S000351,,,679573
679583,https://www.c-span.org/program/news-conference/house-democratic-leadership-news-conference/679583,C-SPAN,Brendan F. Boyle,B001296,,,679583
679641,https://www.c-span.org/program/ceasefire/ceasefire-with-senators-elissa-slotkin-and-tim-sheehy/679641,C-SPAN,Elissa Slotkin,S001208,,,679641
679643,https://www.c-span.org/program/us-house-of-representatives/morning-hour/679643,C-SPAN,Joe Neguse,N000191,,,679643
679876,https://www.c-span.org/program/public-affairs-event/virginia-governor-abigail-spanberger-speaks-at-memorial-day-ceremony/679876,C-SPAN,Abigail Davis Spanberger,S001209,,,679876
679987,https://www.c-span.org/program/campaign-2026/james-talarico-campaigns-for-us-senate-in-houston/679987,C-SPAN,John James,J000307,,,679987
680005,https://www.c-span.org/program/public-affairs-event/virginia-governor-signs-bills-to-expand-affordable-child-care/680005,C-SPAN,Abigail Davis Spanberger,S001209,,,680005
680325,https://www.c-span.org/program/us-house-of-representatives/morning-hour/680325,C-SPAN,Joe Neguse,N000191,,,680325
680328,https://www.youtube.com/watch?v=680328,C-SPAN,C-SPAN Program,https://www.c-span.org/video/?680328-1,,,680328
680758,https://www.c-span.org/program/us-house-of-representatives/representatives-debate-70b-gop-funding-bill-for-ice-border-patrol/680758,C-SPAN,Brendan F. Boyle,B001296,,,680758
680810,https://www.c-span.org/program/us-house-of-representatives/house-session/680810,C-SPAN,Jake Auchincloss,A000148,,,680810
680915,https://www.c-span.org/program/campaign-2026/colorado-democratic-gubernatorial-candidates-primary-debate/680915,C-SPAN,Michael F. Bennet,B001267,,,680915
681092,https://www.c-span.org/program/campaign-2026/colorado-democratic-gubernatorial-primary-forum/681092,C-SPAN,Michael F. Bennet,B001267,,,681092
681113,https://www.c-span.org/program/senate-committee/fema-and-tsa-administrator-nominees-testify-at-confirmation-hearing/681113,C-SPAN,Elissa Slotkin,S001208,,,681113
681190,https://www.c-span.org/program/news-conference/virginia-governor-signs-gun-violence-prevention-legislation/681190,C-SPAN,Abigail Davis Spanberger,S001209,,,681190
681208,https://www.c-span.org/program/senate-committee/us-territory-governors-testify-on-economic-development-and-national-security/681208,C-SPAN,Eliakim Sherrill,S000351,,,681208
681256,https://www.c-span.org/program/news-conference/gov-abigail-spanberger-signing-ceremony-for-reproductive-health-bill/681256,C-SPAN,Abigail Davis Spanberger,S001209,,,681256
681349,https://www.c-span.org/program/senate-committee/us-archivist-testifies-at-confirmation-hearing/681349,C-SPAN,Elissa Slotkin,S001208,,,681349
681370,https://www.c-span.org/program/america-250/declaration-of-independence-reading-naturalization-ceremony/681370,C-SPAN,Abigail Davis Spanberger,S001209,,,681370
681382,https://www.c-span.org/program/campaign-2028/sen-ruben-gallego-meets-with-south-carolina-democrats/681382,C-SPAN,Eliakim Sherrill,S000351,,,681382
681564,https://www.c-span.org/program/senate-committee/postmaster-general-testifies-on-reforming-the-us-postal-service/681564,C-SPAN,Elissa Slotkin,S001208,,,681564
681631,https://www.c-span.org/program/us-house-of-representatives/house-session-part-4/681631,C-SPAN,Janelle S. Bynum,B001326,,,681631
681691,https://www.c-span.org/program/us-senate/senate-session-part-2/681691,C-SPAN,Elissa Slotkin,S001208,,,681691
681894,https://www.c-span.org/program/campaign-2026/us-senate-candidate-james-talarico-speaks-at-texas-democratic-party-convention/681894,C-SPAN,John James,J000307,,,681894
681947,https://www.c-span.org/program/america-250/rep-boyle-pennsylvania-governor-and-house-minority-leader-mark-americas-250th-birthday/681947,C-SPAN,Brendan F. Boyle,B001296,,,681947
681961,https://www.c-span.org/program/campaign-2026/sen-michael-bennet-speaks-after-losing-colorado-gubernatorial-democratic-primary/681961,C-SPAN,Michael F. Bennet,B001267,,,681961
682051,https://www.c-span.org/program/us-house-of-representatives/house-session-part-3/682051,C-SPAN,Gabe Vasquez,V000136,,,682051
682058,https://www.c-span.org/program/house-committee/house-small-business-committee-highlights-250-years-of-entrepreneurship/682058,C-SPAN,Maggie Goodlander,G000604,,,682058
682458,https://www.c-span.org/program/house-committee/federal-reserve-chair-kevin-warsh-testifies-on-state-of-the-us-economy/682458,C-SPAN,Norma J. Torres,T000474,,,682458
682459,https://www.c-span.org/program/house-committee/white-house-budget-director-vought-testifies-on-cfpb-semi-annual-report/682459,C-SPAN,Norma J. Torres,T000474,,,682459
682532,https://www.c-span.org/program/senate-committee/director-of-national-intelligence-nominee-jay-clayton-confirmation-hearing/682532,C-SPAN,Michael F. Bennet,B001267,,,682532
682637,https://www.c-span.org/program/campaign-2026/texas-democratic-us-senate-candidate-james-talarico-on-controversial-child-predator-case/682637,C-SPAN,John James,J000307,,,682637
682782,https://www.c-span.org/program/senate-committee/defense-department-nominees-testify-at-confirmation-hearing/682782,C-SPAN,Elissa Slotkin,S001208,,,682782
682807,https://www.c-span.org/program/house-committee/veterans-affairs-panel-examines-execution-of-disability-claims/682807,C-SPAN,Maggie Goodlander,G000604,,,682807
682834,https://www.c-span.org/program/senate-committee/budget-director-vought-testifies-on-consumer-financial-protection-bureau-semiannual-report/682834,C-SPAN,Eliakim Sherrill,S000351,,,682834
682860,https://www.c-span.org/program/news-conference/senators-blumenthal-and-shaheen-hold-news-conference-on-russia-sanctions-bill/682860,C-SPAN,Michael F. Bennet,B001267,,,682860
682939,https://www.c-span.org/program/news-conference/rep-joe-neguse-news-conference-on-president-trump/682939,C-SPAN,Joe Neguse,N000191,,,682939
682961,https://www.c-span.org/program/us-senate/senate-session/682961,C-SPAN,Elissa Slotkin,S001208,,,682961
682963,https://www.c-span.org/program/us-house-of-representatives/house-session/682963,C-SPAN,Janelle S. Bynum,B001326,,,682963
682977,https://www.c-span.org/program/campaign-2028/sen-ruben-gallego-speaks-at-naleo-annual-conference/682977,C-SPAN,Eliakim Sherrill,S000351,,,682977
683103,https://www.c-span.org/program/campaign-2026/maryland-rep-jamie-raskin-and-others-speak-at-college-democrats-conference/683103,C-SPAN,John James,J000307,,,683103
683154,https://www.c-span.org/program/campaign-2026/texas-democratic-us-senate-candidate-james-talarico-town-hall-meeting-in-desoto/683154,C-SPAN,John James,J000307,,,683154
683165,https://www.c-span.org/program/us-house-of-representatives/house-session-part-3/683165,C-SPAN,Janelle S. Bynum,B001326,,,683165
683174,https://www.c-span.org/program/news-conference/house-democratic-leadership-news-conference/683174,C-SPAN,Brendan F. Boyle,B001296,,,683174
683200,https://www.c-span.org/program/us-house-of-representatives/house-session-part-2/683200,C-SPAN,Patrick Ryan,R000579,,,683200
683220,https://www.c-span.org/program/senate-committee/us-trade-rep-jamieson-greer-testifies-on-president-trumps-trade-and-tariff-policy/683220,C-SPAN,Michael F. Bennet,B001267,,,683220
683223,https://www.c-span.org/program/house-committee/forest-service-chief-testifies-on-agency-reorganization-and-wildfire-preparedness/683223,C-SPAN,Gabe Vasquez,V000136,,,683223
683262,https://www.c-span.org/program/us-house-of-representatives/house-session-part-1/683262,C-SPAN,Gabe Vasquez,V000136,,,683262
683269,https://www.c-span.org/program/campaign-2026/texas-us-senate-candidate-james-talarico-news-conference-on-data-center-policy/683269,C-SPAN,John James,J000307,,,683269
683292,https://www.c-span.org/program/senate-committee/consumer-financial-protection-bureau-and-commerce-department-nominees-testify-at-confirmation-hearing/683292,C-SPAN,Eliakim Sherrill,S000351,,,683292
683492,https://www.c-span.org/program/senate-committee/dr-anthony-fauci-testifies-on-origins-of-covid-19-pandemic/683492,C-SPAN,Elissa Slotkin,S001208,,,683492
683531,https://www.c-span.org/program/campaign-2028/sen-ruben-gallego-speaks-at-latino-civil-rights-conference/683531,C-SPAN,Eliakim Sherrill,S000351,,,683531
683746,https://www.c-span.org/program/campaign-2026/us-senate-candidate-james-talarico-campaigns-in-arlington/683746,C-SPAN,John James,J000307,,,683746
683760,https://www.c-span.org/program/senate-committee/senate-homeland-security-committee-votes-8-7-to-recommend-contempt-charges-against-dr-anthony-fauci/683760,C-SPAN,Elissa Slotkin,S001208,,,683760
683768,https://www.c-span.org/program/senate-committee/senate-agriculture-committee-marks-up-2026-farm-bill/683768,C-SPAN,Elissa Slotkin,S001208,,,683768
683815,https://www.c-span.org/program/senate-committee/senate-agriculture-committee-votes-on-and-fails-to-advance-2026-farm-bill/683815,C-SPAN,Elissa Slotkin,S001208,,,683815
684045,https://www.c-span.org/program/campaign-2026/senate-candidate-james-talarico-d-tx-on-data-centers/684045,C-SPAN,John James,J000307,,,684045
69-aJAOttP8,https://www.youtube.com/watch?v=69-aJAOttP8,Rep. Ritchie Torres,Norma J. Torres,T000474,UC332GOmhxGmHj3WRiHK4hFg,,
6CSBzExdhxo,https://www.youtube.com/watch?v=6CSBzExdhxo,House Committee on Agriculture,House Committee on Agriculture,https://www.youtube.com/channel/UCWtWf-QUTnJ-UMP5ZNWVB5Q,UCWtWf-QUTnJ-UMP5ZNWVB5Q,,
6CuH7lkkczQ,https://www.youtube.com/watch?v=6CuH7lkkczQ,Rep. Auchincloss,Jake Auchincloss,A000148,UCLTp0xAT0gBrF8WReNliMwA,,
6ED-Fw6oxr4,https://www.youtube.com/watch?v=6ED-Fw6oxr4,Senator Michael Bennet,Michael F. Bennet,B001267,UCXB3cljpMwTyCUyLr2ZVLow,,
6I0dWVzzDQU,https://www.youtube.com/watch?v=6I0dWVzzDQU,Senator Michael Bennet,Michael F. Bennet,B001267,UCXB3cljpMwTyCUyLr2ZVLow,,
6JtjsEFoIx4,https://www.youtube.com/watch?v=6JtjsEFoIx4,U.S. Congressman Brendan Boyle,Brendan F. Boyle,B001296,UCMP_Anj7lz4eZuSh8GwFqQQ,,
6LQ4rzBgXSA,https://www.youtube.com/watch?v=6LQ4rzBgXSA,U.S. Congressman Brendan Boyle,Brendan F. Boyle,B001296,UCMP_Anj7lz4eZuSh8GwFqQQ,,
6N7XL5LzaXo,https://www.youtube.com/watch?v=6N7XL5LzaXo,Senator Michael Bennet,Michael F. Bennet,B001267,UCXB3cljpMwTyCUyLr2ZVLow,,
6N_w6-CjxMU,https://www.youtube.com/watch?v=6N_w6-CjxMU,Rep. Auchincloss,Jake Auchincloss,A000148,UCLTp0xAT0gBrF8WReNliMwA,,
6O4nRSagLF8,https://www.youtube.com/watch?v=6O4nRSagLF8,Rep. Joe Neguse,Joe Neguse,N000191,UCukNKhsFrzM-LFtp43XPQtg,,
6OoL704RpUA,https://www.youtube.com/watch?v=6OoL704RpUA,Rep. Auchincloss,Jake Auchincloss,A000148,UCLTp0xAT0gBrF8WReNliMwA,,
6U975ff7Rk4,https://www.youtube.com/watch?v=6U975ff7Rk4,Sen. Elissa Slotkin,Elissa Slotkin,S001208,UCavPE_osOr5wM3QYUzfs95A,,
6XDQQYIr7hY,https://www.youtube.com/watch?v=6XDQQYIr7hY,Sen. Ruben Gallego,Ruben Gallego,G000574,UCxggVFesZy65a0WBT3_roXQ,,
6XZkU07N1B0,https://www.youtube.com/watch?v=6XZkU07N1B0,U.S. Congressman Brendan Boyle,Brendan F. Boyle,B001296,UCMP_Anj7lz4eZuSh8GwFqQQ,,
6Z2cnsy7hCY,https://www.youtube.com/watch?v=6Z2cnsy7hCY,Sen. Mallory McMorrow,Stephen Mallory,M000084,UCUNrNIDIIoXI6W-TCj58HSg,,
6_xW4GHp9CE,https://www.youtube.com/watch?v=6_xW4GHp9CE,Abigail Spanberger for Governor,Abigail Davis Spanberger,S001209,UCxJTgExEfcqCdIj4SMJyqrQ,,
6c9cm06SUso,https://www.youtube.com/watch?v=6c9cm06SUso,Maggie Goodlander for Congress,Maggie Goodlander,G000604,UCmy6ACpOou_Vb74yIMSc7hg,,
6f2h-oBXYM4,https://www.youtube.com/watch?v=6f2h-oBXYM4,C-SPAN,Ted Cruz,C001098,UCb--64Gl51jIEVE-GLDAVTg,,
6fitiZ3JS7U,https://www.youtube.com/watch?v=6fitiZ3JS7U,Rep. Marie Gluesenkamp Perez,Marie Gluesenkamp Perez,G000600,UCo4paf7SbVdHOi67ayp1DDg,,
6k_kVAHzq6k,https://www.youtube.com/watch?v=6k_kVAHzq6k,James Talarico,James Talarico,https://www.youtube.com/channel/UCY0jKbBT2SdUo-hLgDwz5qg,UCY0jKbBT2SdUo-hLgDwz5qg,,
6lCvFg1Ft7g,https://www.youtube.com/watch?v=6lCvFg1Ft7g,Rep. Marie Gluesenkamp Perez,Marie Gluesenkamp Perez,G000600,UCo4paf7SbVdHOi67ayp1DDg,,
6oQCoISk-mg,https://www.youtube.com/watch?v=6oQCoISk-mg,Sen. Mallory McMorrow,Stephen Mallory,M000084,UCUNrNIDIIoXI6W-TCj58HSg,,
6tOINJ8K77g,https://www.youtube.com/watch?v=6tOINJ8K77g,U.S. Congressman Brendan Boyle,Brendan F. Boyle,B001296,UCMP_Anj7lz4eZuSh8GwFqQQ,,
6xMW_ow9vuk,https://www.youtube.com/watch?v=6xMW_ow9vuk,Congresswoman Sarah McBride,Sarah McBride,M001238,UCadfl-Ek-uH5SustAmPL40g,,
6y9HJy3gPMc,https://www.youtube.com/watch?v=6y9HJy3gPMc,Senator Michael Bennet,Michael F. Bennet,B001267,UCXB3cljpMwTyCUyLr2ZVLow,,
6zRn7o08uFo,https://www.youtube.com/watch?v=6zRn7o08uFo,Sen. Elissa Slotkin,Elissa Slotkin,S001208,UCavPE_osOr5wM3QYUzfs95A,,
70q0EsAIW-g,https://www.youtube.com/watch?v=70q0EsAIW-g,Sen. Elissa Slotkin,Elissa Slotkin,S001208,UCavPE_osOr5wM3QYUzfs95A,,
71tYRDy03vA,https://www.youtube.com/watch?v=71tYRDy03vA,C-SPAN,C-SPAN,https://www.youtube.com/channel/UCb--64Gl51jIEVE-GLDAVTg,UCb--64Gl51jIEVE-GLDAVTg,,
73i9KEbyQBs,https://www.youtube.com/watch?v=73i9KEbyQBs,Sen. Elissa Slotkin,Elissa Slotkin,S001208,UCavPE_osOr5wM3QYUzfs95A,,
7530DhCSHeo,https://www.youtube.com/watch?v=7530DhCSHeo,Sen. Elissa Slotkin,Elissa Slotkin,S001208,UCavPE_osOr5wM3QYUzfs95A,,
76Gjim6ml5Q,https://www.youtube.com/watch?v=76Gjim6ml5Q,Sen. Elissa Slotkin,Elissa Slotkin,S001208,UCavPE_osOr5wM3QYUzfs95A,,
7GaV_BMP2W8,https://www.youtube.com/watch?v=7GaV_BMP2W8,Senator Michael Bennet,Michael F. Bennet,B001267,UCXB3cljpMwTyCUyLr2ZVLow,,
7HBMonqJYu0,https://www.youtube.com/watch?v=7HBMonqJYu0,Maggie Goodlander for Congress,Maggie Goodlander,G000604,UCmy6ACpOou_Vb74yIMSc7hg,,
7LJ_35cnzZE,https://www.youtube.com/watch?v=7LJ_35cnzZE,Mahan for California,Mahan for California,https://www.youtube.com/channel/UCePbQz1iC9qgNcxtAwv3_zQ,UCePbQz1iC9qgNcxtAwv3_zQ,,
7Q0nPYmQE0w,https://www.youtube.com/watch?v=7Q0nPYmQE0w,Senator Michael Bennet,Michael F. Bennet,B001267,UCXB3cljpMwTyCUyLr2ZVLow,,
7QiSv9m1zBs,https://www.youtube.com/watch?v=7QiSv9m1zBs,Senator Michael Bennet,Michael F. Bennet,B001267,UCXB3cljpMwTyCUyLr2ZVLow,,
7SMdYb1BSZM,https://www.youtube.com/watch?v=7SMdYb1BSZM,U.S. Congressman Brendan Boyle,Brendan F. Boyle,B001296,UCMP_Anj7lz4eZuSh8GwFqQQ,,
7X_8YDNHzMI,https://www.youtube.com/watch?v=7X_8YDNHzMI,Rep. Marie Gluesenkamp Perez,Marie Gluesenkamp Perez,G000600,UCo4paf7SbVdHOi67ayp1DDg,,
7YGITlxfT6s,https://www.youtube.com/watch?v=7YGITlxfT6s,C-SPAN,C-SPAN,https://www.youtube.com/channel/UCb--64Gl51jIEVE-GLDAVTg,UCb--64Gl51jIEVE-GLDAVTg,,
7af3af048f644540906190cf726d4c91,https://www.youtube.com/watch?v=7af3af048f644540906190cf726d4c91,,,,,,
7c0heaeuqgI,https://www.youtube.com/watch?v=7c0heaeuqgI,U.S. Congressman Brendan Boyle,Brendan F. Boyle,B001296,UCMP_Anj7lz4eZuSh8GwFqQQ,,
7cBCW37rJuQ,https://www.youtube.com/watch?v=7cBCW37rJuQ,Sen. Elissa Slotkin,Elissa Slotkin,S001208,UCavPE_osOr5wM3QYUzfs95A,,
7hZ_Y32Y-BU,https://www.youtube.com/watch?v=7hZ_Y32Y-BU,Maggie Goodlander for Congress,Maggie Goodlander,G000604,UCmy6ACpOou_Vb74yIMSc7hg,,
7lP_GsGe1JY,https://www.youtube.com/watch?v=7lP_GsGe1JY,C-SPAN,C-SPAN,https://www.youtube.com/channel/UCb--64Gl51jIEVE-GLDAVTg,UCb--64Gl51jIEVE-GLDAVTg,,
7pDGygdAtlk,https://www.youtube.com/watch?v=7pDGygdAtlk,Congresswoman Sarah McBride,Sarah McBride,M001238,UCadfl-Ek-uH5SustAmPL40g,,
7qbKx2Qgc1k,https://www.youtube.com/watch?v=7qbKx2Qgc1k,C-SPAN,C-SPAN,https://www.youtube.com/channel/UCb--64Gl51jIEVE-GLDAVTg,UCb--64Gl51jIEVE-GLDAVTg,,
7sJ_QbaA21Q,https://www.youtube.com/watch?v=7sJ_QbaA21Q,C-SPAN,C-SPAN,https://www.youtube.com/channel/UCb--64Gl51jIEVE-GLDAVTg,UCb--64Gl51jIEVE-GLDAVTg,,
7tr9fZZN48c,https://www.youtube.com/watch?v=7tr9fZZN48c,Mahan for California,Mahan for California,https://www.youtube.com/channel/UCePbQz1iC9qgNcxtAwv3_zQ,UCePbQz1iC9qgNcxtAwv3_zQ,,
7vEtgZfoqQM,https://www.youtube.com/watch?v=7vEtgZfoqQM,Senator Michael Bennet,Michael F. Bennet,B001267,UCXB3cljpMwTyCUyLr2ZVLow,,
7zTOCe5UHno,https://www.youtube.com/watch?v=7zTOCe5UHno,Rep. Marie Gluesenkamp Perez,Marie Gluesenkamp Perez,G000600,UCo4paf7SbVdHOi67ayp1DDg,,
7zkFpWPZ_rI,https://www.youtube.com/watch?v=7zkFpWPZ_rI,Sen. Elissa Slotkin,Elissa Slotkin,S001208,UCavPE_osOr5wM3QYUzfs95A,,
80Un1AYq8Fg,https://www.youtube.com/watch?v=80Un1AYq8Fg,Senator Michael Bennet,Michael F. Bennet,B001267,UCXB3cljpMwTyCUyLr2ZVLow,,
820VMYlf3ko,https://www.youtube.com/watch?v=820VMYlf3ko,Sen. Ruben Gallego,Ruben Gallego,G000574,UCxggVFesZy65a0WBT3_roXQ,,
820WcmJ-jr4,https://www.youtube.com/watch?v=820WcmJ-jr4,Sen. Ruben Gallego,Ruben Gallego,G000574,UCxggVFesZy65a0WBT3_roXQ,,
84fMqaKli0k,https://www.youtube.com/watch?v=84fMqaKli0k,Mahan for California,Mahan for California,https://www.youtube.com/channel/UCePbQz1iC9qgNcxtAwv3_zQ,UCePbQz1iC9qgNcxtAwv3_zQ,,
84taa_D99sQ,https://www.youtube.com/watch?v=84taa_D99sQ,Rep. Joe Neguse,Joe Neguse,N000191,UCukNKhsFrzM-LFtp43XPQtg,,
882RFJxcO5E,https://www.youtube.com/watch?v=882RFJxcO5E,U.S. Congressman Brendan Boyle,Brendan F. Boyle,B001296,UCMP_Anj7lz4eZuSh8GwFqQQ,,
88XYB3EfJ-Q,https://www.youtube.com/watch?v=88XYB3EfJ-Q,Rep. Marie Gluesenkamp Perez,Marie Gluesenkamp Perez,G000600,UCo4paf7SbVdHOi67ayp1DDg,,
89LHpxredt0,https://www.youtube.com/watch?v=89LHpxredt0,Sen. Elissa Slotkin,Elissa Slotkin,S001208,UCavPE_osOr5wM3QYUzfs95A,,
8Ci_gS0hfQM,https://www.youtube.com/watch?v=8Ci_gS0hfQM,Senator Michael Bennet,Michael F. Bennet,B001267,UCXB3cljpMwTyCUyLr2ZVLow,,
8F73IaTAY4g,https://www.youtube.com/watch?v=8F73IaTAY4g,House Committee on Agriculture,House Committee on Agriculture,https://www.youtube.com/channel/UCWtWf-QUTnJ-UMP5ZNWVB5Q,UCWtWf-QUTnJ-UMP5ZNWVB5Q,,
8NV2XSz4jIE,https://www.youtube.com/watch?v=8NV2XSz4jIE,C-SPAN,C-SPAN,https://www.youtube.com/channel/UCb--64Gl51jIEVE-GLDAVTg,UCb--64Gl51jIEVE-GLDAVTg,,
8POqpDi7PW8,https://www.youtube.com/watch?v=8POqpDi7PW8,Mahan for California,Mahan for California,https://www.youtube.com/channel/UCePbQz1iC9qgNcxtAwv3_zQ,UCePbQz1iC9qgNcxtAwv3_zQ,,
8R5KtRg74-s,https://www.youtube.com/watch?v=8R5KtRg74-s,Rep. George Whitesides,George Whitesides,W000830,UCi0_78hGEjLd1EGuie6quKg,,
8SyypHx7ehI,https://www.youtube.com/watch?v=8SyypHx7ehI,Rep. Ritchie Torres,Ritchie Torres,T000486,UC332GOmhxGmHj3WRiHK4hFg,,
8VnkfrLwMKU,https://www.youtube.com/watch?v=8VnkfrLwMKU,Senator Michael Bennet,Michael F. Bennet,B001267,UCXB3cljpMwTyCUyLr2ZVLow,,
8gHNxlHJfkE,https://www.youtube.com/watch?v=8gHNxlHJfkE,Jeff Jackson,Jeff Jackson,J000308,UCMS_OsMEOc1s9hlwRvQyahg,,
8hA72o6-iIc,https://www.youtube.com/watch?v=8hA72o6-iIc,James Talarico,James Talarico,https://www.youtube.com/channel/UCY0jKbBT2SdUo-hLgDwz5qg,UCY0jKbBT2SdUo-hLgDwz5qg,,
8lwJp4TMXyo,https://www.youtube.com/watch?v=8lwJp4TMXyo,Rep. Ritchie Torres,Ritchie Torres,T000486,UC332GOmhxGmHj3WRiHK4hFg,,
8oqiG1BCENc,https://www.youtube.com/watch?v=8oqiG1BCENc,Rep. Marie Gluesenkamp Perez,Marie Gluesenkamp Perez,G000600,UCo4paf7SbVdHOi67ayp1DDg,,
8t4hj7NREhM,https://www.youtube.com/watch?v=8t4hj7NREhM,U.S. Congressman Brendan Boyle,Brendan F. Boyle,B001296,UCMP_Anj7lz4eZuSh8GwFqQQ,,
8tdCiri5-tk,https://www.youtube.com/watch?v=8tdCiri5-tk,Senator Michael Bennet,Michael F. Bennet,B001267,UCXB3cljpMwTyCUyLr2ZVLow,,
8zxJy5puwgE,https://www.youtube.com/watch?v=8zxJy5puwgE,C-SPAN,C-SPAN,https://www.youtube.com/channel/UCb--64Gl51jIEVE-GLDAVTg,UCb--64Gl51jIEVE-GLDAVTg,,
9-z5VA1N7NY,https://www.youtube.com/watch?v=9-z5VA1N7NY,Mahan for California,Mahan for California,https://www.youtube.com/channel/UCePbQz1iC9qgNcxtAwv3_zQ,UCePbQz1iC9qgNcxtAwv3_zQ,,
90d9cyqnXuY,https://www.youtube.com/watch?v=90d9cyqnXuY,Mary Peltola,Mary Sattler Peltola,P000619,UCXHT0c_Cqdvp6UAfXDxuGow,,
94hkcLuuteY,https://www.youtube.com/watch?v=94hkcLuuteY,C-SPAN,C-SPAN,https://www.youtube.com/channel/UCb--64Gl51jIEVE-GLDAVTg,UCb--64Gl51jIEVE-GLDAVTg,,
95VfG1ZuNV4,https://www.youtube.com/watch?v=95VfG1ZuNV4,Jeff Jackson,Jeff Jackson,J000308,UCMS_OsMEOc1s9hlwRvQyahg,,
9BgipuJiSz8,https://www.youtube.com/watch?v=9BgipuJiSz8,Rep. Joe Neguse,Joe Neguse,N000191,UCukNKhsFrzM-LFtp43XPQtg,,
9D_yF-W-bRI,https://www.youtube.com/watch?v=9D_yF-W-bRI,U.S. Congressman Brendan Boyle,Brendan F. Boyle,B001296,UCMP_Anj7lz4eZuSh8GwFqQQ,,
9Ic-Uc33-mo,https://www.youtube.com/watch?v=9Ic-Uc33-mo,James Talarico,James Talarico,https://www.youtube.com/channel/UCY0jKbBT2SdUo-hLgDwz5qg,UCY0jKbBT2SdUo-hLgDwz5qg,,
9TNJljkbxp8,https://www.youtube.com/watch?v=9TNJljkbxp8,Maggie Goodlander for Congress,Maggie Goodlander,G000604,UCmy6ACpOou_Vb74yIMSc7hg,,
9YHcc66-LqE,https://www.youtube.com/watch?v=9YHcc66-LqE,C-SPAN,Mark R. Warner,W000805,UCb--64Gl51jIEVE-GLDAVTg,,
9_gbqaLLZNE,https://www.youtube.com/watch?v=9_gbqaLLZNE,Rep. Auchincloss,Jake Auchincloss,A000148,UCLTp0xAT0gBrF8WReNliMwA,,
9_jKn17QydA,https://www.youtube.com/watch?v=9_jKn17QydA,Rep. Joe Neguse,Joe Neguse,N000191,UCukNKhsFrzM-LFtp43XPQtg,,
9biz8rAqspk,https://www.youtube.com/watch?v=9biz8rAqspk,Congresswoman Mikie Sherrill,Eliakim Sherrill,S000351,UCt32kuHrxtXlv2JI5FDn0kg,,
9dNPT_x0tzo,https://www.youtube.com/watch?v=9dNPT_x0tzo,Congresswoman Sarah McBride,Sarah McBride,M001238,UCadfl-Ek-uH5SustAmPL40g,,
9edeAguRwEM,https://www.youtube.com/watch?v=9edeAguRwEM,Maggie Goodlander for Congress,Maggie Goodlander,G000604,UCmy6ACpOou_Vb74yIMSc7hg,,
9h77YS21fi8,https://www.youtube.com/watch?v=9h77YS21fi8,Mahan for California,Mahan for California,https://www.youtube.com/channel/UCePbQz1iC9qgNcxtAwv3_zQ,UCePbQz1iC9qgNcxtAwv3_zQ,,
9kGyUr3a8xE,https://www.youtube.com/watch?v=9kGyUr3a8xE,Mahan for California,Mahan for California,https://www.youtube.com/channel/UCePbQz1iC9qgNcxtAwv3_zQ,UCePbQz1iC9qgNcxtAwv3_zQ,,
9mBmNP7lb3E,https://www.youtube.com/watch?v=9mBmNP7lb3E,Rep. Auchincloss,Jake Auchincloss,A000148,UCLTp0xAT0gBrF8WReNliMwA,,
9o41UMSn-Hw,https://www.youtube.com/watch?v=9o41UMSn-Hw,Senator Michael Bennet,Michael F. Bennet,B001267,UCXB3cljpMwTyCUyLr2ZVLow,,
9oNwyz316eQ,https://www.youtube.com/watch?v=9oNwyz316eQ,Rep. Marie Gluesenkamp Perez,Marie Gluesenkamp Perez,G000600,UCo4paf7SbVdHOi67ayp1DDg,,
9plboQjERcE,https://www.youtube.com/watch?v=9plboQjERcE,Maggie Goodlander for Congress,Maggie Goodlander,G000604,UCmy6ACpOou_Vb74yIMSc7hg,,
9qjV1xJ_KWg,https://www.youtube.com/watch?v=9qjV1xJ_KWg,C-SPAN,C-SPAN,https://www.youtube.com/channel/UCb--64Gl51jIEVE-GLDAVTg,UCb--64Gl51jIEVE-GLDAVTg,,
9rQOD-2Vg3o,https://www.youtube.com/watch?v=9rQOD-2Vg3o,Rep. Auchincloss,Jake Auchincloss,A000148,UCLTp0xAT0gBrF8WReNliMwA,,
9sChVOwDtNA,https://www.youtube.com/watch?v=9sChVOwDtNA,Mary Peltola,Mary Sattler Peltola,P000619,UCXHT0c_Cqdvp6UAfXDxuGow,,
9uGiOP3c6fU,https://www.youtube.com/watch?v=9uGiOP3c6fU,Rep. Ritchie Torres,Ritchie Torres,T000486,UC332GOmhxGmHj3WRiHK4hFg,,
A1xxCh5kDQE,https://www.youtube.com/watch?v=A1xxCh5kDQE,Abigail Spanberger for Governor,Abigail Davis Spanberger,S001209,UCxJTgExEfcqCdIj4SMJyqrQ,,
A24jXP_R91U,https://www.youtube.com/watch?v=A24jXP_R91U,Mary Peltola,Mary Sattler Peltola,P000619,UCXHT0c_Cqdvp6UAfXDxuGow,,
A3uAyJwkCw4,https://www.youtube.com/watch?v=A3uAyJwkCw4,Mary Peltola,Mary Sattler Peltola,P000619,UCXHT0c_Cqdvp6UAfXDxuGow,,
A46JZHYGIrY,https://www.youtube.com/watch?v=A46JZHYGIrY,C-SPAN,C-SPAN,https://www.youtube.com/channel/UCb--64Gl51jIEVE-GLDAVTg,UCb--64Gl51jIEVE-GLDAVTg,,
A6tuQavCBDA,https://www.youtube.com/watch?v=A6tuQavCBDA,Rep. Auchincloss,Jake Auchincloss,A000148,UCLTp0xAT0gBrF8WReNliMwA,,
ABasxoQtpCo,https://www.youtube.com/watch?v=ABasxoQtpCo,Abigail Spanberger for Governor,Abigail Davis Spanberger,S001209,UCxJTgExEfcqCdIj4SMJyqrQ,,
ABkZaQI2HGw,https://www.youtube.com/watch?v=ABkZaQI2HGw,C-SPAN,C-SPAN,https://www.youtube.com/channel/UCb--64Gl51jIEVE-GLDAVTg,UCb--64Gl51jIEVE-GLDAVTg,,
AFMYgD-yVYw,https://www.youtube.com/watch?v=AFMYgD-yVYw,Rep. Auchincloss,Jake Auchincloss,A000148,UCLTp0xAT0gBrF8WReNliMwA,,
AH5jwwbk4f0,https://www.youtube.com/watch?v=AH5jwwbk4f0,Congresswoman Sarah McBride,Sarah McBride,M001238,UCadfl-Ek-uH5SustAmPL40g,,
AKdHkjXL6Ws,https://www.youtube.com/watch?v=AKdHkjXL6Ws,Sen. Elissa Slotkin,Elissa Slotkin,S001208,UCavPE_osOr5wM3QYUzfs95A,,
AMIHtEIkkLg,https://www.youtube.com/watch?v=AMIHtEIkkLg,Rep. Marie Gluesenkamp Perez,Marie Gluesenkamp Perez,G000600,UCo4paf7SbVdHOi67ayp1DDg,,
AN2h-Q0yaTo,https://www.youtube.com/watch?v=AN2h-Q0yaTo,Rep. Auchincloss,Jake Auchincloss,A000148,UCLTp0xAT0gBrF8WReNliMwA,,
ANohtXQhkQw,https://www.youtube.com/watch?v=ANohtXQhkQw,C-SPAN,Trey Gowdy,G000566,UCb--64Gl51jIEVE-GLDAVTg,,
AP8W238q-GY,https://www.youtube.com/watch?v=AP8W238q-GY,House Committee on Agriculture,House Committee on Agriculture,https://www.youtube.com/channel/UCWtWf-QUTnJ-UMP5ZNWVB5Q,UCWtWf-QUTnJ-UMP5ZNWVB5Q,,
APwgjzjM7oc,https://www.youtube.com/watch?v=APwgjzjM7oc,Rep. Joe Neguse,Joe Neguse,N000191,UCukNKhsFrzM-LFtp43XPQtg,,
ARA6-ZIZ5FA,https://www.youtube.com/watch?v=ARA6-ZIZ5FA,C-SPAN,C-SPAN,https://www.youtube.com/channel/UCb--64Gl51jIEVE-GLDAVTg,UCb--64Gl51jIEVE-GLDAVTg,,
A_qEsyjP4Yk,https://www.youtube.com/watch?v=A_qEsyjP4Yk,House Committee on Agriculture,House Committee on Agriculture,https://www.youtube.com/channel/UCWtWf-QUTnJ-UMP5ZNWVB5Q,UCWtWf-QUTnJ-UMP5ZNWVB5Q,,
Aa47tc8x0pc,https://www.youtube.com/watch?v=Aa47tc8x0pc,James Talarico,James Talarico,https://www.youtube.com/channel/UCY0jKbBT2SdUo-hLgDwz5qg,UCY0jKbBT2SdUo-hLgDwz5qg,,
AdFhb_awdnE,https://www.youtube.com/watch?v=AdFhb_awdnE,Rep. Auchincloss,Jake Auchincloss,A000148,UCLTp0xAT0gBrF8WReNliMwA,,
Af-vECK_BFY,https://www.youtube.com/watch?v=Af-vECK_BFY,Sen. Elissa Slotkin,Elissa Slotkin,S001208,UCavPE_osOr5wM3QYUzfs95A,,
Afz_IZarsPY,https://www.youtube.com/watch?v=Afz_IZarsPY,Maggie Goodlander for Congress,Maggie Goodlander,G000604,UCmy6ACpOou_Vb74yIMSc7hg,,
AiX1bBm8ZlA,https://www.youtube.com/watch?v=AiX1bBm8ZlA,Senator Michael Bennet,Michael F. Bennet,B001267,UCXB3cljpMwTyCUyLr2ZVLow,,
AjyYxu0uOH8,https://www.youtube.com/watch?v=AjyYxu0uOH8,Sen. Elissa Slotkin,Elissa Slotkin,S001208,UCavPE_osOr5wM3QYUzfs95A,,
Al_NdbkZWPg,https://www.youtube.com/watch?v=Al_NdbkZWPg,Mahan for California,Mahan for California,https://www.youtube.com/channel/UCePbQz1iC9qgNcxtAwv3_zQ,UCePbQz1iC9qgNcxtAwv3_zQ,,
AmS5Wo4rI_U,https://www.youtube.com/watch?v=AmS5Wo4rI_U,U.S. Congressman Brendan Boyle,Brendan F. Boyle,B001296,UCMP_Anj7lz4eZuSh8GwFqQQ,,
As3cKGVRZls,https://www.youtube.com/watch?v=As3cKGVRZls,Mary Peltola,Mary Sattler Peltola,P000619,UCXHT0c_Cqdvp6UAfXDxuGow,,
Aw_orfOCVCY,https://www.youtube.com/watch?v=Aw_orfOCVCY,Rep. Ritchie Torres,Ritchie Torres,T000486,UC332GOmhxGmHj3WRiHK4hFg,,
B4gndujlk7U,https://www.youtube.com/watch?v=B4gndujlk7U,Senator Michael Bennet,Michael F. Bennet,B001267,UCXB3cljpMwTyCUyLr2ZVLow,,
BAj4EDZ-TLI,https://www.youtube.com/watch?v=BAj4EDZ-TLI,Rep. Gabe Vasquez,Gabe Vasquez,V000136,UCYNflwnxykWBLTaNbuIFIqA,,
BBxh2ce0tq0,https://www.youtube.com/watch?v=BBxh2ce0tq0,Rep. Auchincloss,Jake Auchincloss,A000148,UCLTp0xAT0gBrF8WReNliMwA,,
BC10c_JWa4Y,https://www.youtube.com/watch?v=BC10c_JWa4Y,Congresswoman Mikie Sherrill,Eliakim Sherrill,S000351,UCt32kuHrxtXlv2JI5FDn0kg,,
BCALjyDnUHM,https://www.youtube.com/watch?v=BCALjyDnUHM,House Committee on Agriculture,House Committee on Agriculture,https://www.youtube.com/channel/UCWtWf-QUTnJ-UMP5ZNWVB5Q,UCWtWf-QUTnJ-UMP5ZNWVB5Q,,
BH-VQgTvaWM,https://www.youtube.com/watch?v=BH-VQgTvaWM,Abigail Spanberger for Governor,Abigail Davis Spanberger,S001209,UCxJTgExEfcqCdIj4SMJyqrQ,,
BH3m7aL8hYU,https://www.youtube.com/watch?v=BH3m7aL8hYU,Rep. Auchincloss,Jake Auchincloss,A000148,UCLTp0xAT0gBrF8WReNliMwA,,
BIaVT_PIuuE,https://www.youtube.com/watch?v=BIaVT_PIuuE,Sen. Elissa Slotkin,Elissa Slotkin,S001208,UCavPE_osOr5wM3QYUzfs95A,,
BKkPVlCIrsQ,https://www.youtube.com/watch?v=BKkPVlCIrsQ,Sen. Ruben Gallego,Ruben Gallego,G000574,UCxggVFesZy65a0WBT3_roXQ,,
BL2s1bVbGWA,https://www.youtube.com/watch?v=BL2s1bVbGWA,C-SPAN,John Cornyn,C001056,UCb--64Gl51jIEVE-GLDAVTg,,
BNV8C0__6-0,https://www.youtube.com/watch?v=BNV8C0__6-0,Sen. Elissa Slotkin,Elissa Slotkin,S001208,UCavPE_osOr5wM3QYUzfs95A,,
BOze9W5Avkg,https://www.youtube.com/watch?v=BOze9W5Avkg,U.S. Congressman Brendan Boyle,Brendan F. Boyle,B001296,UCMP_Anj7lz4eZuSh8GwFqQQ,,
BTVLFkoSw_I,https://www.youtube.com/watch?v=BTVLFkoSw_I,U.S. Congressman Brendan Boyle,Brendan F. Boyle,B001296,UCMP_Anj7lz4eZuSh8GwFqQQ,,
BU7_EJVsYGo,https://www.youtube.com/watch?v=BU7_EJVsYGo,Mahan for California,Mahan for California,https://www.youtube.com/channel/UCePbQz1iC9qgNcxtAwv3_zQ,UCePbQz1iC9qgNcxtAwv3_zQ,,
BaIzrcFqksE,https://www.youtube.com/watch?v=BaIzrcFqksE,Senator Michael Bennet,Michael F. Bennet,B001267,UCXB3cljpMwTyCUyLr2ZVLow,,
BapzUacnXB8,https://www.youtube.com/watch?v=BapzUacnXB8,Sen. Elissa Slotkin,Elissa Slotkin,S001208,UCavPE_osOr5wM3QYUzfs95A,,
BbIrXWJB3i4,https://www.youtube.com/watch?v=BbIrXWJB3i4,Rep. Joe Neguse,Joe Neguse,N000191,UCukNKhsFrzM-LFtp43XPQtg,,
BcJiHDNhAvc,https://www.youtube.com/watch?v=BcJiHDNhAvc,Jeff Jackson,Jeff Jackson,J000308,UCMS_OsMEOc1s9hlwRvQyahg,,
BifCbsrrvJ8,https://www.youtube.com/watch?v=BifCbsrrvJ8,Congresswoman Mikie Sherrill,Eliakim Sherrill,S000351,UCt32kuHrxtXlv2JI5FDn0kg,,
BipL9xgoxYA,https://www.youtube.com/watch?v=BipL9xgoxYA,Sen. Elissa Slotkin,Elissa Slotkin,S001208,UCavPE_osOr5wM3QYUzfs95A,,
BlBW8U-3z98,https://www.youtube.com/watch?v=BlBW8U-3z98,C-SPAN,C-SPAN,https://www.youtube.com/channel/UCb--64Gl51jIEVE-GLDAVTg,UCb--64Gl51jIEVE-GLDAVTg,,
Bv7QOs0dkgY,https://www.youtube.com/watch?v=Bv7QOs0dkgY,Senator Michael Bennet,Michael F. Bennet,B001267,UCXB3cljpMwTyCUyLr2ZVLow,,
BzP3fYiyvfU,https://www.youtube.com/watch?v=BzP3fYiyvfU,Senator Michael Bennet,Michael F. Bennet,B001267,UCXB3cljpMwTyCUyLr2ZVLow,,
C4cehEIVj28,https://www.youtube.com/watch?v=C4cehEIVj28,Sen. Elissa Slotkin,Elissa Slotkin,S001208,UCavPE_osOr5wM3QYUzfs95A,,
CJlmWHzT0uI,https://www.youtube.com/watch?v=CJlmWHzT0uI,Abigail Spanberger for Governor,Abigail Davis Spanberger,S001209,UCxJTgExEfcqCdIj4SMJyqrQ,,
CJsJoFfoSMo,https://www.youtube.com/watch?v=CJsJoFfoSMo,Rep. Joe Neguse,Joe Neguse,N000191,UCukNKhsFrzM-LFtp43XPQtg,,
CLlgDaudNa4,https://www.youtube.com/watch?v=CLlgDaudNa4,U.S. Congressman Brendan Boyle,Brendan F. Boyle,B001296,UCMP_Anj7lz4eZuSh8GwFqQQ,,
CQQgcRYbHQY,https://www.youtube.com/watch?v=CQQgcRYbHQY,Rep. Ritchie Torres,Ritchie Torres,T000486,UC332GOmhxGmHj3WRiHK4hFg,,
CSJbVMpCAGA,https://www.youtube.com/watch?v=CSJbVMpCAGA,Sen. Elissa Slotkin,Elissa Slotkin,S001208,UCavPE_osOr5wM3QYUzfs95A,,
CWM3Ux769UY,https://www.youtube.com/watch?v=CWM3Ux769UY,Sen. Elissa Slotkin,Elissa Slotkin,S001208,UCavPE_osOr5wM3QYUzfs95A,,
CZs5HlcqNF0,https://www.youtube.com/watch?v=CZs5HlcqNF0,James Talarico,James Talarico,https://www.youtube.com/channel/UCY0jKbBT2SdUo-hLgDwz5qg,UCY0jKbBT2SdUo-hLgDwz5qg,,
Ca2jTzKPTjU,https://www.youtube.com/watch?v=Ca2jTzKPTjU,C-SPAN,C-SPAN,https://www.youtube.com/channel/UCb--64Gl51jIEVE-GLDAVTg,UCb--64Gl51jIEVE-GLDAVTg,,
CbGk4B-qmpU,https://www.youtube.com/watch?v=CbGk4B-qmpU,Sen. Ruben Gallego,Ruben Gallego,G000574,UCxggVFesZy65a0WBT3_roXQ,,
CbekP9G7-qQ,https://www.youtube.com/watch?v=CbekP9G7-qQ,Angie Craig,Angie Craig,C001119,UCIQeh8zK8g51o9pNGGglHVA,,
CdK8QceNPrM,https://www.youtube.com/watch?v=CdK8QceNPrM,Senator Michael Bennet,Michael F. Bennet,B001267,UCXB3cljpMwTyCUyLr2ZVLow,,
CeVlA_Pd4Vo,https://www.youtube.com/watch?v=CeVlA_Pd4Vo,Rep. Joe Neguse,Joe Neguse,N000191,UCukNKhsFrzM-LFtp43XPQtg,,
CeqQ8DBCYmk,https://www.youtube.com/watch?v=CeqQ8DBCYmk,Sen. Elissa Slotkin,Elissa Slotkin,S001208,UCavPE_osOr5wM3QYUzfs95A,,
ChxGHImN984,https://www.youtube.com/watch?v=ChxGHImN984,Rep. Ritchie Torres,Ritchie Torres,T000486,UC332GOmhxGmHj3WRiHK4hFg,,
CiECuXQB3gw,https://www.youtube.com/watch?v=CiECuXQB3gw,Congresswoman Mikie Sherrill,Eliakim Sherrill,S000351,UCt32kuHrxtXlv2JI5FDn0kg,,
CisDOatF7-c,https://www.youtube.com/watch?v=CisDOatF7-c,Senator Michael Bennet,Michael F. Bennet,B001267,UCXB3cljpMwTyCUyLr2ZVLow,,
Coiv6X1-S9Y,https://www.youtube.com/watch?v=Coiv6X1-S9Y,Senator Michael Bennet,Michael F. Bennet,B001267,UCXB3cljpMwTyCUyLr2ZVLow,,
CtS2dkaPYMY,https://www.youtube.com/watch?v=CtS2dkaPYMY,Rep. Marie Gluesenkamp Perez,Marie Gluesenkamp Perez,G000600,UCo4paf7SbVdHOi67ayp1DDg,,
Cvkjpye6Y58,https://www.youtube.com/watch?v=Cvkjpye6Y58,Sen. Ruben Gallego,Ruben Gallego,G000574,UCxggVFesZy65a0WBT3_roXQ,,
Cx-y1AzXQgs,https://www.youtube.com/watch?v=Cx-y1AzXQgs,Rep. Joe Neguse,Joe Neguse,N000191,UCukNKhsFrzM-LFtp43XPQtg,,
CyviQ2vamtk,https://www.youtube.com/watch?v=CyviQ2vamtk,C-SPAN,James Monroe,M000858,UCb--64Gl51jIEVE-GLDAVTg,,
D0NzqzEsPgE,https://www.youtube.com/watch?v=D0NzqzEsPgE,Senator Michael Bennet,Michael F. Bennet,B001267,UCXB3cljpMwTyCUyLr2ZVLow,,
D2RMfBOLoto,https://www.youtube.com/watch?v=D2RMfBOLoto,Sen. Elissa Slotkin,Elissa Slotkin,S001208,UCavPE_osOr5wM3QYUzfs95A,,
D3q6Q9VcDuQ,https://www.youtube.com/watch?v=D3q6Q9VcDuQ,Sen. Ruben Gallego,Ruben Gallego,G000574,UCxggVFesZy65a0WBT3_roXQ,,
D4rNFLhVFXw,https://www.youtube.com/watch?v=D4rNFLhVFXw,Mahan for California,Mahan for California,https://www.youtube.com/channel/UCePbQz1iC9qgNcxtAwv3_zQ,UCePbQz1iC9qgNcxtAwv3_zQ,,
D8heZZiCMLk,https://www.youtube.com/watch?v=D8heZZiCMLk,James Talarico,James Talarico,https://www.youtube.com/channel/UCY0jKbBT2SdUo-hLgDwz5qg,UCY0jKbBT2SdUo-hLgDwz5qg,,
DCbq-NaiTH0,https://www.youtube.com/watch?v=DCbq-NaiTH0,Sen. Elissa Slotkin,Elissa Slotkin,S001208,UCavPE_osOr5wM3QYUzfs95A,,
DDbx1uArVOM,https://www.youtube.com/watch?v=DDbx1uArVOM,C-SPAN,C-SPAN,https://www.youtube.com/channel/UCb--64Gl51jIEVE-GLDAVTg,UCb--64Gl51jIEVE-GLDAVTg,,
DHZ0ZroI9WA,https://www.youtube.com/watch?v=DHZ0ZroI9WA,C-SPAN,"Joe Manchin, III",M001183,UCb--64Gl51jIEVE-GLDAVTg,,
DIaV5xGFbqQ,https://www.youtube.com/watch?v=DIaV5xGFbqQ,Jeff Jackson,Jeff Jackson,J000308,UCMS_OsMEOc1s9hlwRvQyahg,,
DJZmMzHnvt8,https://www.youtube.com/watch?v=DJZmMzHnvt8,U.S. Congressman Brendan Boyle,Brendan F. Boyle,B001296,UCMP_Anj7lz4eZuSh8GwFqQQ,,
DKhHFpLyJYE,https://www.youtube.com/watch?v=DKhHFpLyJYE,Rep. Ritchie Torres,Ritchie Torres,T000486,UC332GOmhxGmHj3WRiHK4hFg,,
DQxMOnXJpCw,https://www.youtube.com/watch?v=DQxMOnXJpCw,Rep. Marie Gluesenkamp Perez,Marie Gluesenkamp Perez,G000600,UCo4paf7SbVdHOi67ayp1DDg,,
DXJVJ-7ecik,https://www.youtube.com/watch?v=DXJVJ-7ecik,U.S. Congressman Brendan Boyle,Brendan F. Boyle,B001296,UCMP_Anj7lz4eZuSh8GwFqQQ,,
Dc4uEeWDLVs,https://www.youtube.com/watch?v=Dc4uEeWDLVs,C-SPAN,C-SPAN,https://www.youtube.com/channel/UCb--64Gl51jIEVE-GLDAVTg,UCb--64Gl51jIEVE-GLDAVTg,,
DdGBnALwm2o,https://www.youtube.com/watch?v=DdGBnALwm2o,Rep. Ritchie Torres,Ritchie Torres,T000486,UC332GOmhxGmHj3WRiHK4hFg,,
DgA4XSnufGk,https://www.youtube.com/watch?v=DgA4XSnufGk,C-SPAN,Richard Nixon,N000116,UCb--64Gl51jIEVE-GLDAVTg,,
Dh6CZLNlmAA,https://www.youtube.com/watch?v=Dh6CZLNlmAA,Sen. Ruben Gallego,Ruben Gallego,G000574,UCxggVFesZy65a0WBT3_roXQ,,
DjPzjpv3t6Q,https://www.youtube.com/watch?v=DjPzjpv3t6Q,House Committee on Agriculture,House Committee on Agriculture,https://www.youtube.com/channel/UCWtWf-QUTnJ-UMP5ZNWVB5Q,UCWtWf-QUTnJ-UMP5ZNWVB5Q,,
Dm0-SeCVosg,https://www.youtube.com/watch?v=Dm0-SeCVosg,Rep. Auchincloss,Jake Auchincloss,A000148,UCLTp0xAT0gBrF8WReNliMwA,,
DmshsCEeieg,https://www.youtube.com/watch?v=DmshsCEeieg,C-SPAN,Cory A. Booker,B001288,UCb--64Gl51jIEVE-GLDAVTg,,
DrHlF-mgihY,https://www.youtube.com/watch?v=DrHlF-mgihY,C-SPAN,C-SPAN,https://www.youtube.com/channel/UCb--64Gl51jIEVE-GLDAVTg,UCb--64Gl51jIEVE-GLDAVTg,,
DvwdwxaTY8M,https://www.youtube.com/watch?v=DvwdwxaTY8M,Rep. Joe Neguse,Joe Neguse,N000191,UCukNKhsFrzM-LFtp43XPQtg,,
DyTLHe_Dvh4,https://www.youtube.com/watch?v=DyTLHe_Dvh4,Jeff Jackson,Jeff Jackson,J000308,UCMS_OsMEOc1s9hlwRvQyahg,,
ERJPqdGgsWw,https://www.youtube.com/watch?v=ERJPqdGgsWw,C-SPAN,Jon Husted,H001104,UCb--64Gl51jIEVE-GLDAVTg,,
ESz2dGeMndM,https://www.youtube.com/watch?v=ESz2dGeMndM,House Committee on Agriculture,House Committee on Agriculture,https://www.youtube.com/channel/UCWtWf-QUTnJ-UMP5ZNWVB5Q,UCWtWf-QUTnJ-UMP5ZNWVB5Q,,
ET7r8ptY69g,https://www.youtube.com/watch?v=ET7r8ptY69g,Rep. Ritchie Torres,Norma J. Torres,T000474,UC332GOmhxGmHj3WRiHK4hFg,,
E_jCBwK0IOo,https://www.youtube.com/watch?v=E_jCBwK0IOo,Rep. Marie Gluesenkamp Perez,Marie Gluesenkamp Perez,G000600,UCo4paf7SbVdHOi67ayp1DDg,,
EgoJwm6G_og,https://www.youtube.com/watch?v=EgoJwm6G_og,Sen. Elissa Slotkin,Elissa Slotkin,S001208,UCavPE_osOr5wM3QYUzfs95A,,
Eh1N44isPP8,https://www.youtube.com/watch?v=Eh1N44isPP8,C-SPAN,C-SPAN,https://www.youtube.com/channel/UCb--64Gl51jIEVE-GLDAVTg,UCb--64Gl51jIEVE-GLDAVTg,,
EokPOS8XTxY,https://www.youtube.com/watch?v=EokPOS8XTxY,Senator Michael Bennet,Michael F. Bennet,B001267,UCXB3cljpMwTyCUyLr2ZVLow,,
EraE-qv80QU,https://www.youtube.com/watch?v=EraE-qv80QU,James Talarico,James Talarico,https://www.youtube.com/channel/UCY0jKbBT2SdUo-hLgDwz5qg,UCY0jKbBT2SdUo-hLgDwz5qg,,
Ero6eWKFFnE,https://www.youtube.com/watch?v=Ero6eWKFFnE,Rep. Ritchie Torres,Norma J. Torres,T000474,UC332GOmhxGmHj3WRiHK4hFg,,
Es1IWoMprbA,https://www.youtube.com/watch?v=Es1IWoMprbA,Sen. Ruben Gallego,Ruben Gallego,G000574,UCxggVFesZy65a0WBT3_roXQ,,
Es9gDt4-txs,https://www.youtube.com/watch?v=Es9gDt4-txs,Sen. Elissa Slotkin,Elissa Slotkin,S001208,UCavPE_osOr5wM3QYUzfs95A,,
EspUs73k7Ag,https://www.youtube.com/watch?v=EspUs73k7Ag,Rep. Auchincloss,Jake Auchincloss,A000148,UCLTp0xAT0gBrF8WReNliMwA,,
Ewiiw6fqRxE,https://www.youtube.com/watch?v=Ewiiw6fqRxE,Sen. Mallory McMorrow,Stephen Mallory,M000084,UCUNrNIDIIoXI6W-TCj58HSg,,
EzAy4k0f6aQ,https://www.youtube.com/watch?v=EzAy4k0f6aQ,House Committee on Agriculture,House Committee on Agriculture,https://www.youtube.com/channel/UCWtWf-QUTnJ-UMP5ZNWVB5Q,UCWtWf-QUTnJ-UMP5ZNWVB5Q,,
F-IaeFPU7Y8,https://www.youtube.com/watch?v=F-IaeFPU7Y8,Rep. Auchincloss,Jake Auchincloss,A000148,UCLTp0xAT0gBrF8WReNliMwA,,
F3rR5eScEe8,https://www.youtube.com/watch?v=F3rR5eScEe8,Sen. Ruben Gallego,Ruben Gallego,G000574,UCxggVFesZy65a0WBT3_roXQ,,
FBbDSgG_UP8,https://www.youtube.com/watch?v=FBbDSgG_UP8,Jared Golden for Congress,Jared F. Golden,G000592,UC1OE1T2yMDZ8qPu1bWvQokA,,
FCFirGpvJ6s,https://www.youtube.com/watch?v=FCFirGpvJ6s,C-SPAN,C-SPAN,https://www.youtube.com/channel/UCb--64Gl51jIEVE-GLDAVTg,UCb--64Gl51jIEVE-GLDAVTg,,
FCizqK0UbfI,https://www.youtube.com/watch?v=FCizqK0UbfI,Sen. Elissa Slotkin,Elissa Slotkin,S001208,UCavPE_osOr5wM3QYUzfs95A,,
FFJ84ggwHrs,https://www.youtube.com/watch?v=FFJ84ggwHrs,Rep. Auchincloss,Jake Auchincloss,A000148,UCLTp0xAT0gBrF8WReNliMwA,,
FGWGTP9l2zM,https://www.youtube.com/watch?v=FGWGTP9l2zM,Sen. Mallory McMorrow,Stephen Mallory,M000084,UCUNrNIDIIoXI6W-TCj58HSg,,
FGfDSQvbq50,https://www.youtube.com/watch?v=FGfDSQvbq50,House Committee on Agriculture,House Committee on Agriculture,https://www.youtube.com/channel/UCWtWf-QUTnJ-UMP5ZNWVB5Q,UCWtWf-QUTnJ-UMP5ZNWVB5Q,,
FHYNMb8GQNs,https://www.youtube.com/watch?v=FHYNMb8GQNs,U.S. Congressman Brendan Boyle,Brendan F. Boyle,B001296,UCMP_Anj7lz4eZuSh8GwFqQQ,,
FIxza168Xvk,https://www.youtube.com/watch?v=FIxza168Xvk,Sen. Elissa Slotkin,Elissa Slotkin,S001208,UCavPE_osOr5wM3QYUzfs95A,,
FJex7He0YxA,https://www.youtube.com/watch?v=FJex7He0YxA,Sen. Elissa Slotkin,Elissa Slotkin,S001208,UCavPE_osOr5wM3QYUzfs95A,,
FJmW8X6Yvdk,https://www.youtube.com/watch?v=FJmW8X6Yvdk,Rep. Ritchie Torres,Ritchie Torres,T000486,UC332GOmhxGmHj3WRiHK4hFg,,
FKVrLOvJONg,https://www.youtube.com/watch?v=FKVrLOvJONg,Rep. Marie Gluesenkamp Perez,Marie Gluesenkamp Perez,G000600,UCo4paf7SbVdHOi67ayp1DDg,,
FNpiqnfmyK8,https://www.youtube.com/watch?v=FNpiqnfmyK8,Maggie Goodlander for Congress,Maggie Goodlander,G000604,UCmy6ACpOou_Vb74yIMSc7hg,,
FPOAxgoC0Ok,https://www.youtube.com/watch?v=FPOAxgoC0Ok,James Talarico,James Talarico,https://www.youtube.com/channel/UCY0jKbBT2SdUo-hLgDwz5qg,UCY0jKbBT2SdUo-hLgDwz5qg,,
FRVDGMIBdJI,https://www.youtube.com/watch?v=FRVDGMIBdJI,U.S. Congressman Brendan Boyle,Brendan F. Boyle,B001296,UCMP_Anj7lz4eZuSh8GwFqQQ,,
FUg6ph5JZdU,https://www.youtube.com/watch?v=FUg6ph5JZdU,Sen. Elissa Slotkin,Elissa Slotkin,S001208,UCavPE_osOr5wM3QYUzfs95A,,
FWSYmrgeDFw,https://www.youtube.com/watch?v=FWSYmrgeDFw,Sen. Ruben Gallego,Ruben Gallego,G000574,UCxggVFesZy65a0WBT3_roXQ,,
FinServices,https://www.youtube.com/watch?v=FinServices,,,,,,
Fjk-nNkZ-ow,https://www.youtube.com/watch?v=Fjk-nNkZ-ow,Sen. Elissa Slotkin,Elissa Slotkin,S001208,UCavPE_osOr5wM3QYUzfs95A,,
Fmdo3RUBy6c,https://www.youtube.com/watch?v=Fmdo3RUBy6c,C-SPAN,C-SPAN,https://www.youtube.com/channel/UCb--64Gl51jIEVE-GLDAVTg,UCb--64Gl51jIEVE-GLDAVTg,,
Fp-b2LZIVTY,https://www.youtube.com/watch?v=Fp-b2LZIVTY,Rep. Auchincloss,Jake Auchincloss,A000148,UCLTp0xAT0gBrF8WReNliMwA,,
FqkTZ4QuWHM,https://www.youtube.com/watch?v=FqkTZ4QuWHM,C-SPAN,C-SPAN,https://www.youtube.com/channel/UCb--64Gl51jIEVE-GLDAVTg,UCb--64Gl51jIEVE-GLDAVTg,,
FrQE8zGjkqE,https://www.youtube.com/watch?v=FrQE8zGjkqE,Sen. Elissa Slotkin,Elissa Slotkin,S001208,UCavPE_osOr5wM3QYUzfs95A,,
FtaRLhbAJC0,https://www.youtube.com/watch?v=FtaRLhbAJC0,Senator Michael Bennet,Michael F. Bennet,B001267,UCXB3cljpMwTyCUyLr2ZVLow,,
FuLrJ_rC1Wo,https://www.youtube.com/watch?v=FuLrJ_rC1Wo,Rep. Auchincloss,Jake Auchincloss,A000148,UCLTp0xAT0gBrF8WReNliMwA,,
Fuab9HjdK7Y,https://www.youtube.com/watch?v=Fuab9HjdK7Y,Sen. Mallory McMorrow,Stephen Mallory,M000084,UCUNrNIDIIoXI6W-TCj58HSg,,
FuzlGfvroL8,https://www.youtube.com/watch?v=FuzlGfvroL8,Congresswoman Sarah McBride,Sarah McBride,M001238,UCadfl-Ek-uH5SustAmPL40g,,
FxfiAuFfMas,https://www.youtube.com/watch?v=FxfiAuFfMas,C-SPAN,C-SPAN,https://www.youtube.com/channel/UCb--64Gl51jIEVE-GLDAVTg,UCb--64Gl51jIEVE-GLDAVTg,,
G1kJARRYic0,https://www.youtube.com/watch?v=G1kJARRYic0,Senator Michael Bennet,Michael F. Bennet,B001267,UCXB3cljpMwTyCUyLr2ZVLow,,
G1m9mWg3xYk,https://www.youtube.com/watch?v=G1m9mWg3xYk,Sen. Elissa Slotkin,Elissa Slotkin,S001208,UCavPE_osOr5wM3QYUzfs95A,,
G1mbbnQT-zI,https://www.youtube.com/watch?v=G1mbbnQT-zI,C-SPAN,C-SPAN,https://www.youtube.com/channel/UCb--64Gl51jIEVE-GLDAVTg,UCb--64Gl51jIEVE-GLDAVTg,,
G3NluX8m2Bk,https://www.youtube.com/watch?v=G3NluX8m2Bk,Rep. Joe Neguse,Joe Neguse,N000191,UCukNKhsFrzM-LFtp43XPQtg,,
G5SCMJ3uskY,https://www.youtube.com/watch?v=G5SCMJ3uskY,Maggie Goodlander for Congress,Maggie Goodlander,G000604,UCmy6ACpOou_Vb74yIMSc7hg,,
G9FtzAbfE90,https://www.youtube.com/watch?v=G9FtzAbfE90,Rep. Joe Neguse,Joe Neguse,N000191,UCukNKhsFrzM-LFtp43XPQtg,,
GBHHKNut6Ic,https://www.youtube.com/watch?v=GBHHKNut6Ic,Rep. Gabe Vasquez,Gabe Vasquez,V000136,UCYNflwnxykWBLTaNbuIFIqA,,
GCCISUd8sr4,https://www.youtube.com/watch?v=GCCISUd8sr4,C-SPAN,C-SPAN,https://www.youtube.com/channel/UCb--64Gl51jIEVE-GLDAVTg,UCb--64Gl51jIEVE-GLDAVTg,,
GK24thp_2Qo,https://www.youtube.com/watch?v=GK24thp_2Qo,James Talarico,James Talarico,https://www.youtube.com/channel/UCY0jKbBT2SdUo-hLgDwz5qg,UCY0jKbBT2SdUo-hLgDwz5qg,,
GKu4ETvQuWc,https://www.youtube.com/watch?v=GKu4ETvQuWc,Mary Peltola,Mary Sattler Peltola,P000619,UCXHT0c_Cqdvp6UAfXDxuGow,,
GLKmv751eVY,https://www.youtube.com/watch?v=GLKmv751eVY,Maggie Goodlander for Congress,Maggie Goodlander,G000604,UCmy6ACpOou_Vb74yIMSc7hg,,
GPhiZ9igLSQ,https://www.youtube.com/watch?v=GPhiZ9igLSQ,Rep. Joe Neguse,Joe Neguse,N000191,UCukNKhsFrzM-LFtp43XPQtg,,
GS3gl6xw8XA,https://www.youtube.com/watch?v=GS3gl6xw8XA,C-SPAN,Anna Paulina Luna,L000596,UCb--64Gl51jIEVE-GLDAVTg,,
GS7xwCM2AK0,https://www.youtube.com/watch?v=GS7xwCM2AK0,C-SPAN,Marco Rubio,R000595,UCb--64Gl51jIEVE-GLDAVTg,,
GSeX3DeIaY4,https://www.youtube.com/watch?v=GSeX3DeIaY4,Congresswoman Sarah McBride,Sarah McBride,M001238,UCadfl-Ek-uH5SustAmPL40g,,
GSfyPOzOMW8,https://www.youtube.com/watch?v=GSfyPOzOMW8,U.S. Congressman Brendan Boyle,Brendan F. Boyle,B001296,UCMP_Anj7lz4eZuSh8GwFqQQ,,
GV-Aoxn6OZI,https://www.youtube.com/watch?v=GV-Aoxn6OZI,Sen. Elissa Slotkin,Elissa Slotkin,S001208,UCavPE_osOr5wM3QYUzfs95A,,
GWjc5icUSEA,https://www.youtube.com/watch?v=GWjc5icUSEA,Sen. Ruben Gallego,Ruben Gallego,G000574,UCxggVFesZy65a0WBT3_roXQ,,
GYHCabCQ_lE,https://www.youtube.com/watch?v=GYHCabCQ_lE,Rep. Ritchie Torres,Ritchie Torres,T000486,UC332GOmhxGmHj3WRiHK4hFg,,
Ga9V-LiYxgE,https://www.youtube.com/watch?v=Ga9V-LiYxgE,Maggie Goodlander for Congress,Maggie Goodlander,G000604,UCmy6ACpOou_Vb74yIMSc7hg,,
GfQDXkiKZsI,https://www.youtube.com/watch?v=GfQDXkiKZsI,Senator Michael Bennet,Michael F. Bennet,B001267,UCXB3cljpMwTyCUyLr2ZVLow,,
Gg93uFndvv8,https://www.youtube.com/watch?v=Gg93uFndvv8,Rep. Ritchie Torres,Norma J. Torres,T000474,UC332GOmhxGmHj3WRiHK4hFg,,
GhrCeBis9mg,https://www.youtube.com/watch?v=GhrCeBis9mg,Mary Peltola,Don Young,Y000033,UCXHT0c_Cqdvp6UAfXDxuGow,,
GrqkeDcAurw,https://www.youtube.com/watch?v=GrqkeDcAurw,Sen. Mallory McMorrow,Stephen Mallory,M000084,UCUNrNIDIIoXI6W-TCj58HSg,,
GteftcY0J18,https://www.youtube.com/watch?v=GteftcY0J18,Sen. Ruben Gallego,Ruben Gallego,G000574,UCxggVFesZy65a0WBT3_roXQ,,
GvK6hpAlGoA,https://www.youtube.com/watch?v=GvK6hpAlGoA,C-SPAN,Hillary Clinton,C001041,UCb--64Gl51jIEVE-GLDAVTg,,
GyPglY9_1PI,https://www.youtube.com/watch?v=GyPglY9_1PI,Sen. Elissa Slotkin,Elissa Slotkin,S001208,UCavPE_osOr5wM3QYUzfs95A,,
GzSYYOtJjZw,https://www.youtube.com/watch?v=GzSYYOtJjZw,Sen. Ruben Gallego,Ruben Gallego,G000574,UCxggVFesZy65a0WBT3_roXQ,,
H2vaw-T-fHs,https://www.youtube.com/watch?v=H2vaw-T-fHs,Sen. Ruben Gallego,Ruben Gallego,G000574,UCxggVFesZy65a0WBT3_roXQ,,
H7ZKSU5RbSk,https://www.youtube.com/watch?v=H7ZKSU5RbSk,C-SPAN,C-SPAN,https://www.youtube.com/channel/UCb--64Gl51jIEVE-GLDAVTg,UCb--64Gl51jIEVE-GLDAVTg,,
H836x90xlSM,https://www.youtube.com/watch?v=H836x90xlSM,Senator Michael Bennet,Michael F. Bennet,B001267,UCXB3cljpMwTyCUyLr2ZVLow,,
H9jhKwftCiA,https://www.youtube.com/watch?v=H9jhKwftCiA,James Talarico,Joaquin Castro,C001091,UCY0jKbBT2SdUo-hLgDwz5qg,,
HAEgEDmc_UA,https://www.youtube.com/watch?v=HAEgEDmc_UA,James Talarico,James Talarico,https://www.youtube.com/channel/UCY0jKbBT2SdUo-hLgDwz5qg,UCY0jKbBT2SdUo-hLgDwz5qg,,
HBd80eJlpxM,https://www.youtube.com/watch?v=HBd80eJlpxM,Rep. Marie Gluesenkamp Perez,Marie Gluesenkamp Perez,G000600,UCo4paf7SbVdHOi67ayp1DDg,,
HLxk5dKdgG4,https://www.youtube.com/watch?v=HLxk5dKdgG4,U.S. Congressman Brendan Boyle,Brendan F. Boyle,B001296,UCMP_Anj7lz4eZuSh8GwFqQQ,,
HZRj5EY8q_8,https://www.youtube.com/watch?v=HZRj5EY8q_8,U.S. Congressman Brendan Boyle,Brendan F. Boyle,B001296,UCMP_Anj7lz4eZuSh8GwFqQQ,,
H_8-sNRa3Kc,https://www.youtube.com/watch?v=H_8-sNRa3Kc,Mary Peltola,Mary Sattler Peltola,P000619,UCXHT0c_Cqdvp6UAfXDxuGow,,
H_hB8i6E6HQ,https://www.youtube.com/watch?v=H_hB8i6E6HQ,Rep. Ritchie Torres,Adriano Espaillat,E000297,UC332GOmhxGmHj3WRiHK4hFg,,
Hb3uZZL2sS0,https://www.youtube.com/watch?v=Hb3uZZL2sS0,Sen. Ruben Gallego,Ruben Gallego,G000574,UCxggVFesZy65a0WBT3_roXQ,,
HeydaTSmYc0,https://www.youtube.com/watch?v=HeydaTSmYc0,Rep. Joe Neguse,Joe Neguse,N000191,UCukNKhsFrzM-LFtp43XPQtg,,
Hf9nPhriXX8,https://www.youtube.com/watch?v=Hf9nPhriXX8,Sen. Ruben Gallego,Ruben Gallego,G000574,UCxggVFesZy65a0WBT3_roXQ,,
HgdOw3K2Sww,https://www.youtube.com/watch?v=HgdOw3K2Sww,Sen. Elissa Slotkin,Elissa Slotkin,S001208,UCavPE_osOr5wM3QYUzfs95A,,
HhQK-7Kia-Y,https://www.youtube.com/watch?v=HhQK-7Kia-Y,Rep. Ritchie Torres,Norma J. Torres,T000474,UC332GOmhxGmHj3WRiHK4hFg,,
HkAK9QRe4ds,https://www.youtube.com/watch?v=HkAK9QRe4ds,C-SPAN,C-SPAN,https://www.youtube.com/channel/UCb--64Gl51jIEVE-GLDAVTg,UCb--64Gl51jIEVE-GLDAVTg,,
HnaWqtx3J3E,https://www.youtube.com/watch?v=HnaWqtx3J3E,C-SPAN,Chris Van Hollen,V000128,UCb--64Gl51jIEVE-GLDAVTg,,
HoG3Yp3YOek,https://www.youtube.com/watch?v=HoG3Yp3YOek,Congresswoman Sarah McBride,Sarah McBride,M001238,UCadfl-Ek-uH5SustAmPL40g,,
Hs7GObcRF08,https://www.youtube.com/watch?v=Hs7GObcRF08,Sen. Ruben Gallego,Ruben Gallego,G000574,UCxggVFesZy65a0WBT3_roXQ,,
Hz7-wlzcg_4,https://www.youtube.com/watch?v=Hz7-wlzcg_4,Rep. Joe Neguse,Joe Neguse,N000191,UCukNKhsFrzM-LFtp43XPQtg,,
I0qFiCoTNVY,https://www.youtube.com/watch?v=I0qFiCoTNVY,James Talarico,James Talarico,https://www.youtube.com/channel/UCY0jKbBT2SdUo-hLgDwz5qg,UCY0jKbBT2SdUo-hLgDwz5qg,,
I3NRf4qG794,https://www.youtube.com/watch?v=I3NRf4qG794,Congresswoman Sarah McBride,Sarah McBride,M001238,UCadfl-Ek-uH5SustAmPL40g,,
I59aVH5bvlQ,https://www.youtube.com/watch?v=I59aVH5bvlQ,Sen. Mallory McMorrow,Stephen Mallory,M000084,UCUNrNIDIIoXI6W-TCj58HSg,,
I6g1lRheK2U,https://www.youtube.com/watch?v=I6g1lRheK2U,Sen. Elissa Slotkin,Elissa Slotkin,S001208,UCavPE_osOr5wM3QYUzfs95A,,
I7CnIu-eE0s,https://www.youtube.com/watch?v=I7CnIu-eE0s,Mahan for California,Mahan for California,https://www.youtube.com/channel/UCePbQz1iC9qgNcxtAwv3_zQ,UCePbQz1iC9qgNcxtAwv3_zQ,,
I7prKKjyU7M,https://www.youtube.com/watch?v=I7prKKjyU7M,Sen. Elissa Slotkin,Elissa Slotkin,S001208,UCavPE_osOr5wM3QYUzfs95A,,
IA0tFxcrKvo,https://www.youtube.com/watch?v=IA0tFxcrKvo,Sen. Elissa Slotkin,Elissa Slotkin,S001208,UCavPE_osOr5wM3QYUzfs95A,,
ICQwCnx3Wl8,https://www.youtube.com/watch?v=ICQwCnx3Wl8,Rep. George Whitesides,George Whitesides,W000830,UCi0_78hGEjLd1EGuie6quKg,,
IFav3qVAofA,https://www.youtube.com/watch?v=IFav3qVAofA,Sen. Elissa Slotkin,Elissa Slotkin,S001208,UCavPE_osOr5wM3QYUzfs95A,,
IH64c9sQ-xE,https://www.youtube.com/watch?v=IH64c9sQ-xE,Rep. Joe Neguse,Joe Neguse,N000191,UCukNKhsFrzM-LFtp43XPQtg,,
IKpGzHwtphE,https://www.youtube.com/watch?v=IKpGzHwtphE,Sen. Elissa Slotkin,Elissa Slotkin,S001208,UCavPE_osOr5wM3QYUzfs95A,,
ILy9CIhqnAU,https://www.youtube.com/watch?v=ILy9CIhqnAU,Sen. Elissa Slotkin,Elissa Slotkin,S001208,UCavPE_osOr5wM3QYUzfs95A,,
IN05jVNBs64,https://www.youtube.com/watch?v=IN05jVNBs64,C-SPAN,C-SPAN,https://www.youtube.com/channel/UCb--64Gl51jIEVE-GLDAVTg,UCb--64Gl51jIEVE-GLDAVTg,,
IOyVa-vd_B4,https://www.youtube.com/watch?v=IOyVa-vd_B4,Rep. Joe Neguse,Joe Neguse,N000191,UCukNKhsFrzM-LFtp43XPQtg,,
IPIgx4UzWDU,https://www.youtube.com/watch?v=IPIgx4UzWDU,C-SPAN,C-SPAN,https://www.youtube.com/channel/UCb--64Gl51jIEVE-GLDAVTg,UCb--64Gl51jIEVE-GLDAVTg,,
IRI9hB8ifVw,https://www.youtube.com/watch?v=IRI9hB8ifVw,C-SPAN,C-SPAN,https://www.youtube.com/channel/UCb--64Gl51jIEVE-GLDAVTg,UCb--64Gl51jIEVE-GLDAVTg,,
IVP2wqqBYwQ,https://www.youtube.com/watch?v=IVP2wqqBYwQ,Mary Peltola,Mary Sattler Peltola,P000619,UCXHT0c_Cqdvp6UAfXDxuGow,,
IVgb9Tn42Tg,https://www.youtube.com/watch?v=IVgb9Tn42Tg,Mahan for California,Mahan for California,https://www.youtube.com/channel/UCePbQz1iC9qgNcxtAwv3_zQ,UCePbQz1iC9qgNcxtAwv3_zQ,,
IWzBwzQXvCY,https://www.youtube.com/watch?v=IWzBwzQXvCY,Rep. Auchincloss,Jake Auchincloss,A000148,UCLTp0xAT0gBrF8WReNliMwA,,
IhvXmppX3YI,https://www.youtube.com/watch?v=IhvXmppX3YI,Sen. Elissa Slotkin,Elissa Slotkin,S001208,UCavPE_osOr5wM3QYUzfs95A,,
Iig6yCY8FEo,https://www.youtube.com/watch?v=Iig6yCY8FEo,Rep. Ritchie Torres,Ritchie Torres,T000486,UC332GOmhxGmHj3WRiHK4hFg,,
Ij69d4OkFcQ,https://www.youtube.com/watch?v=Ij69d4OkFcQ,C-SPAN,C-SPAN,https://www.youtube.com/channel/UCb--64Gl51jIEVE-GLDAVTg,UCb--64Gl51jIEVE-GLDAVTg,,
IjZ4aNw0S6g,https://www.youtube.com/watch?v=IjZ4aNw0S6g,Rep. Marie Gluesenkamp Perez,Marie Gluesenkamp Perez,G000600,UCo4paf7SbVdHOi67ayp1DDg,,
Im1KsR_52cw,https://www.youtube.com/watch?v=Im1KsR_52cw,James Talarico,James Talarico,https://www.youtube.com/channel/UCY0jKbBT2SdUo-hLgDwz5qg,UCY0jKbBT2SdUo-hLgDwz5qg,,
Im3ZmcuFhUE,https://www.youtube.com/watch?v=Im3ZmcuFhUE,Sen. Elissa Slotkin,Elissa Slotkin,S001208,UCavPE_osOr5wM3QYUzfs95A,,
InwgCzq9Cic,https://www.youtube.com/watch?v=InwgCzq9Cic,Sen. Elissa Slotkin,Elissa Slotkin,S001208,UCavPE_osOr5wM3QYUzfs95A,,
Io5wX_YAqeU,https://www.youtube.com/watch?v=Io5wX_YAqeU,Rep. Ritchie Torres,Ritchie Torres,T000486,UC332GOmhxGmHj3WRiHK4hFg,,
IoiAtfCg4bY,https://www.youtube.com/watch?v=IoiAtfCg4bY,Abigail Spanberger for Governor,Abigail Davis Spanberger,S001209,UCxJTgExEfcqCdIj4SMJyqrQ,,
Isw20Piq2qA,https://www.youtube.com/watch?v=Isw20Piq2qA,Sen. Elissa Slotkin,Elissa Slotkin,S001208,UCavPE_osOr5wM3QYUzfs95A,,
J-93vga1PvI,https://www.youtube.com/watch?v=J-93vga1PvI,Senator Michael Bennet,Michael F. Bennet,B001267,UCXB3cljpMwTyCUyLr2ZVLow,,
J7wJT3s1C8Q,https://www.youtube.com/watch?v=J7wJT3s1C8Q,Rep. Marie Gluesenkamp Perez,Marie Gluesenkamp Perez,G000600,UCo4paf7SbVdHOi67ayp1DDg,,
J85mJFhvDkU,https://www.youtube.com/watch?v=J85mJFhvDkU,Rep. Gabe Vasquez,Melanie A. Stansbury,S001218,UCYNflwnxykWBLTaNbuIFIqA,,
JD1yymLdsJw,https://www.youtube.com/watch?v=JD1yymLdsJw,Congresswoman Mikie Sherrill,Eliakim Sherrill,S000351,UCt32kuHrxtXlv2JI5FDn0kg,,
JH5dLSf9p8w,https://www.youtube.com/watch?v=JH5dLSf9p8w,Sen. Elissa Slotkin,Elissa Slotkin,S001208,UCavPE_osOr5wM3QYUzfs95A,,
JI7ycS_0Y78,https://www.youtube.com/watch?v=JI7ycS_0Y78,Sen. Elissa Slotkin,Elissa Slotkin,S001208,UCavPE_osOr5wM3QYUzfs95A,,
JJ7mD9oafN4,https://www.youtube.com/watch?v=JJ7mD9oafN4,Sen. Elissa Slotkin,Elissa Slotkin,S001208,UCavPE_osOr5wM3QYUzfs95A,,
JKH0wez9LHY,https://www.youtube.com/watch?v=JKH0wez9LHY,Sen. Ruben Gallego,Ruben Gallego,G000574,UCxggVFesZy65a0WBT3_roXQ,,
JRkVkBqQeNU,https://www.youtube.com/watch?v=JRkVkBqQeNU,Mary Peltola,Mary Sattler Peltola,P000619,UCXHT0c_Cqdvp6UAfXDxuGow,,
JSh5lzDXngQ,https://www.youtube.com/watch?v=JSh5lzDXngQ,Rep. Auchincloss,Jake Auchincloss,A000148,UCLTp0xAT0gBrF8WReNliMwA,,
JT0KGA1Xqm0,https://www.youtube.com/watch?v=JT0KGA1Xqm0,Sen. Ruben Gallego,Ruben Gallego,G000574,UCxggVFesZy65a0WBT3_roXQ,,
JUhRH1OVxf8,https://www.youtube.com/watch?v=JUhRH1OVxf8,Sen. Elissa Slotkin,Elissa Slotkin,S001208,UCavPE_osOr5wM3QYUzfs95A,,
JVZgKlHWPEU,https://www.youtube.com/watch?v=JVZgKlHWPEU,Sen. Elissa Slotkin,Elissa Slotkin,S001208,UCavPE_osOr5wM3QYUzfs95A,,
JWCGAiAz0HI,https://www.youtube.com/watch?v=JWCGAiAz0HI,Sen. Ruben Gallego,Ruben Gallego,G000574,UCxggVFesZy65a0WBT3_roXQ,,
JXK1UEhOhlI,https://www.youtube.com/watch?v=JXK1UEhOhlI,Senator Michael Bennet,Michael F. Bennet,B001267,UCXB3cljpMwTyCUyLr2ZVLow,,
JXTwUL6FqZ8,https://www.youtube.com/watch?v=JXTwUL6FqZ8,Sen. Ruben Gallego,Ruben Gallego,G000574,UCxggVFesZy65a0WBT3_roXQ,,
JZ_OmltqVys,https://www.youtube.com/watch?v=JZ_OmltqVys,Sen. Ruben Gallego,Ruben Gallego,G000574,UCxggVFesZy65a0WBT3_roXQ,,
JaEkWgzM1QA,https://www.youtube.com/watch?v=JaEkWgzM1QA,Sen. Elissa Slotkin,Elissa Slotkin,S001208,UCavPE_osOr5wM3QYUzfs95A,,
JbMu9Duvo88,https://www.youtube.com/watch?v=JbMu9Duvo88,Rep. Auchincloss,Jake Auchincloss,A000148,UCLTp0xAT0gBrF8WReNliMwA,,
JfK63kGCgIQ,https://www.youtube.com/watch?v=JfK63kGCgIQ,Rep. Marie Gluesenkamp Perez,Marie Gluesenkamp Perez,G000600,UCo4paf7SbVdHOi67ayp1DDg,,
JgErh9oH7hg,https://www.youtube.com/watch?v=JgErh9oH7hg,Mary Peltola,Mary Sattler Peltola,P000619,UCXHT0c_Cqdvp6UAfXDxuGow,,
Jhku29Sik3U,https://www.youtube.com/watch?v=Jhku29Sik3U,Congresswoman Mikie Sherrill,Eliakim Sherrill,S000351,UCt32kuHrxtXlv2JI5FDn0kg,,
JjYVOJ6HD8E,https://www.youtube.com/watch?v=JjYVOJ6HD8E,Sen. Elissa Slotkin,Elissa Slotkin,S001208,UCavPE_osOr5wM3QYUzfs95A,,
JkbxTWfok-c,https://www.youtube.com/watch?v=JkbxTWfok-c,Rep. Joe Neguse,Joe Neguse,N000191,UCukNKhsFrzM-LFtp43XPQtg,,
JljNgoygK-k,https://www.youtube.com/watch?v=JljNgoygK-k,Mahan for California,Mahan for California,https://www.youtube.com/channel/UCePbQz1iC9qgNcxtAwv3_zQ,UCePbQz1iC9qgNcxtAwv3_zQ,,
Jp8VQ4LjSw8,https://www.youtube.com/watch?v=Jp8VQ4LjSw8,Jeff Jackson,Jeff Jackson,J000308,UCMS_OsMEOc1s9hlwRvQyahg,,
JvW71KPApjg,https://www.youtube.com/watch?v=JvW71KPApjg,Senator Michael Bennet,Michael F. Bennet,B001267,UCXB3cljpMwTyCUyLr2ZVLow,,
Jxhtblxz7Dw,https://www.youtube.com/watch?v=Jxhtblxz7Dw,Senator Michael Bennet,Michael F. Bennet,B001267,UCXB3cljpMwTyCUyLr2ZVLow,,
JzLVCDKXW9o,https://www.youtube.com/watch?v=JzLVCDKXW9o,House Committee on Agriculture,House Committee on Agriculture,https://www.youtube.com/channel/UCWtWf-QUTnJ-UMP5ZNWVB5Q,UCWtWf-QUTnJ-UMP5ZNWVB5Q,,
K2KVXX6DpBg,https://www.youtube.com/watch?v=K2KVXX6DpBg,Abigail Spanberger for Governor,Abigail Davis Spanberger,S001209,UCxJTgExEfcqCdIj4SMJyqrQ,,
K9NYY0du2mU,https://www.youtube.com/watch?v=K9NYY0du2mU,U.S. Congressman Brendan Boyle,Brendan F. Boyle,B001296,UCMP_Anj7lz4eZuSh8GwFqQQ,,
KEVRdiPuPiE,https://www.youtube.com/watch?v=KEVRdiPuPiE,Rep. Auchincloss,Jake Auchincloss,A000148,UCLTp0xAT0gBrF8WReNliMwA,,
KF0A6chXgEk,https://www.youtube.com/watch?v=KF0A6chXgEk,Sen. Elissa Slotkin,Elissa Slotkin,S001208,UCavPE_osOr5wM3QYUzfs95A,,
KI7DMOeUWik,https://www.youtube.com/watch?v=KI7DMOeUWik,James Talarico,James Talarico,https://www.youtube.com/channel/UCY0jKbBT2SdUo-hLgDwz5qg,UCY0jKbBT2SdUo-hLgDwz5qg,,
KNTtvPrz0YA,https://www.youtube.com/watch?v=KNTtvPrz0YA,Rep. Joe Neguse,Joe Neguse,N000191,UCukNKhsFrzM-LFtp43XPQtg,,
KO07AZXBZmE,https://www.youtube.com/watch?v=KO07AZXBZmE,U.S. Congressman Brendan Boyle,Brendan F. Boyle,B001296,UCMP_Anj7lz4eZuSh8GwFqQQ,,
KRmVqmXiCy0,https://www.youtube.com/watch?v=KRmVqmXiCy0,Sen. Ruben Gallego,Ruben Gallego,G000574,UCxggVFesZy65a0WBT3_roXQ,,
KS3WATowtFQ,https://www.youtube.com/watch?v=KS3WATowtFQ,Mahan for California,Mahan for California,https://www.youtube.com/channel/UCePbQz1iC9qgNcxtAwv3_zQ,UCePbQz1iC9qgNcxtAwv3_zQ,,
KXM-nbgPJ7g,https://www.youtube.com/watch?v=KXM-nbgPJ7g,Sen. Elissa Slotkin,Elissa Slotkin,S001208,UCavPE_osOr5wM3QYUzfs95A,,
KaJXkq7iaGY,https://www.youtube.com/watch?v=KaJXkq7iaGY,Rep. Auchincloss,Jake Auchincloss,A000148,UCLTp0xAT0gBrF8WReNliMwA,,
KdoEkTU6LtE,https://www.youtube.com/watch?v=KdoEkTU6LtE,Sen. Elissa Slotkin,Elissa Slotkin,S001208,UCavPE_osOr5wM3QYUzfs95A,,
KfUC3of2Zcw,https://www.youtube.com/watch?v=KfUC3of2Zcw,Sen. Ruben Gallego,Ruben Gallego,G000574,UCxggVFesZy65a0WBT3_roXQ,,
Kfl3qRSE6GU,https://www.youtube.com/watch?v=Kfl3qRSE6GU,House Committee on Agriculture,House Committee on Agriculture,https://www.youtube.com/channel/UCWtWf-QUTnJ-UMP5ZNWVB5Q,UCWtWf-QUTnJ-UMP5ZNWVB5Q,,
Kjnu-Izxhhk,https://www.youtube.com/watch?v=Kjnu-Izxhhk,Congresswoman Mikie Sherrill,Tommy Tuberville,T000278,UCt32kuHrxtXlv2JI5FDn0kg,,
KqRrNdeBX-Y,https://www.youtube.com/watch?v=KqRrNdeBX-Y,Rep. Auchincloss,Jake Auchincloss,A000148,UCLTp0xAT0gBrF8WReNliMwA,,
KtjVSoIQbt0,https://www.youtube.com/watch?v=KtjVSoIQbt0,Sen. Elissa Slotkin,Elissa Slotkin,S001208,UCavPE_osOr5wM3QYUzfs95A,,
KwmD1MGNCvM,https://www.youtube.com/watch?v=KwmD1MGNCvM,Sen. Elissa Slotkin,Elissa Slotkin,S001208,UCavPE_osOr5wM3QYUzfs95A,,
KxSOeD_LMUo,https://www.youtube.com/watch?v=KxSOeD_LMUo,Senator Michael Bennet,Michael F. Bennet,B001267,UCXB3cljpMwTyCUyLr2ZVLow,,
KylSp2DVqYU,https://www.youtube.com/watch?v=KylSp2DVqYU,Angie Craig,Angie Craig,C001119,UCIQeh8zK8g51o9pNGGglHVA,,
KyzPRoVHU1Q,https://www.youtube.com/watch?v=KyzPRoVHU1Q,Sen. Elissa Slotkin,Elissa Slotkin,S001208,UCavPE_osOr5wM3QYUzfs95A,,
L38cR-NbNgE,https://www.youtube.com/watch?v=L38cR-NbNgE,Mary Peltola,Mary Sattler Peltola,P000619,UCXHT0c_Cqdvp6UAfXDxuGow,,
L4qqkLmJm2I,https://www.youtube.com/watch?v=L4qqkLmJm2I,Jeff Jackson,Jeff Jackson,J000308,UCMS_OsMEOc1s9hlwRvQyahg,,
L6X8DhtPx3o,https://www.youtube.com/watch?v=L6X8DhtPx3o,Jeff Jackson,Jeff Jackson,J000308,UCMS_OsMEOc1s9hlwRvQyahg,,
LBLYLE7KgMc,https://www.youtube.com/watch?v=LBLYLE7KgMc,Sen. Elissa Slotkin,Elissa Slotkin,S001208,UCavPE_osOr5wM3QYUzfs95A,,
LD4BenE2Pik,https://www.youtube.com/watch?v=LD4BenE2Pik,Sen. Elissa Slotkin,Elissa Slotkin,S001208,UCavPE_osOr5wM3QYUzfs95A,,
LKdXORUF0oA,https://www.youtube.com/watch?v=LKdXORUF0oA,Rep. Joe Neguse,Joe Neguse,N000191,UCukNKhsFrzM-LFtp43XPQtg,,
LgAXtOzPOSY,https://www.youtube.com/watch?v=LgAXtOzPOSY,Sen. Elissa Slotkin,Elissa Slotkin,S001208,UCavPE_osOr5wM3QYUzfs95A,,
LgEz07ORgN8,https://www.youtube.com/watch?v=LgEz07ORgN8,Sen. Elissa Slotkin,Elissa Slotkin,S001208,UCavPE_osOr5wM3QYUzfs95A,,
LiBtmImVn9M,https://www.youtube.com/watch?v=LiBtmImVn9M,Senator Michael Bennet,Michael F. Bennet,B001267,UCXB3cljpMwTyCUyLr2ZVLow,,
LkVlQVCw7Zs,https://www.youtube.com/watch?v=LkVlQVCw7Zs,Congresswoman Sarah McBride,Sarah McBride,M001238,UCadfl-Ek-uH5SustAmPL40g,,
LnDSEa-eWO8,https://www.youtube.com/watch?v=LnDSEa-eWO8,Rep. Auchincloss,Jake Auchincloss,A000148,UCLTp0xAT0gBrF8WReNliMwA,,
LvzQUdUTYyU,https://www.youtube.com/watch?v=LvzQUdUTYyU,James Talarico,James Talarico,https://www.youtube.com/channel/UCY0jKbBT2SdUo-hLgDwz5qg,UCY0jKbBT2SdUo-hLgDwz5qg,,
LxgtWBIBzdY,https://www.youtube.com/watch?v=LxgtWBIBzdY,U.S. Congressman Brendan Boyle,Brendan F. Boyle,B001296,UCMP_Anj7lz4eZuSh8GwFqQQ,,
LzZMqyIyGu4,https://www.youtube.com/watch?v=LzZMqyIyGu4,Rep. Joe Neguse,Joe Neguse,N000191,UCukNKhsFrzM-LFtp43XPQtg,,
M1-rFcAk86Q,https://www.youtube.com/watch?v=M1-rFcAk86Q,Jeff Jackson,Jeff Jackson,J000308,UCMS_OsMEOc1s9hlwRvQyahg,,
M1BpwA8KvF4,https://www.youtube.com/watch?v=M1BpwA8KvF4,Rep. Joe Neguse,Joe Neguse,N000191,UCukNKhsFrzM-LFtp43XPQtg,,
M2I_G7Z2uWs,https://www.youtube.com/watch?v=M2I_G7Z2uWs,Abigail Spanberger for Governor,Abigail Davis Spanberger,S001209,UCxJTgExEfcqCdIj4SMJyqrQ,,
M5JdZuHThvo,https://www.youtube.com/watch?v=M5JdZuHThvo,Abigail Spanberger for Governor,Abigail Davis Spanberger,S001209,UCxJTgExEfcqCdIj4SMJyqrQ,,
M6EZORaBT3k,https://www.youtube.com/watch?v=M6EZORaBT3k,Sen. Mallory McMorrow,Stephen Mallory,M000084,UCUNrNIDIIoXI6W-TCj58HSg,,
M6Ugxj-54FI,https://www.youtube.com/watch?v=M6Ugxj-54FI,Sen. Elissa Slotkin,Elissa Slotkin,S001208,UCavPE_osOr5wM3QYUzfs95A,,
MDrbkRILdUo,https://www.youtube.com/watch?v=MDrbkRILdUo,Congresswoman Sarah McBride,Sarah McBride,M001238,UCadfl-Ek-uH5SustAmPL40g,,
MF18aSyU-JY,https://www.youtube.com/watch?v=MF18aSyU-JY,Angie Craig,Angie Craig,C001119,UCIQeh8zK8g51o9pNGGglHVA,,
MGbqry-PL50,https://www.youtube.com/watch?v=MGbqry-PL50,Mahan for California,Mahan for California,https://www.youtube.com/channel/UCePbQz1iC9qgNcxtAwv3_zQ,UCePbQz1iC9qgNcxtAwv3_zQ,,
MLATojXRhAU,https://www.youtube.com/watch?v=MLATojXRhAU,Rep. Auchincloss,Jake Auchincloss,A000148,UCLTp0xAT0gBrF8WReNliMwA,,
MMf7TwJ7XkA,https://www.youtube.com/watch?v=MMf7TwJ7XkA,Rep. Auchincloss,Jake Auchincloss,A000148,UCLTp0xAT0gBrF8WReNliMwA,,
MNgLkfM9c64,https://www.youtube.com/watch?v=MNgLkfM9c64,House Committee on Agriculture,House Committee on Agriculture,https://www.youtube.com/channel/UCWtWf-QUTnJ-UMP5ZNWVB5Q,UCWtWf-QUTnJ-UMP5ZNWVB5Q,,
MOAatACMRXI,https://www.youtube.com/watch?v=MOAatACMRXI,Mary Peltola,Mary Sattler Peltola,P000619,UCXHT0c_Cqdvp6UAfXDxuGow,,
MOB2-IQlrHU,https://www.youtube.com/watch?v=MOB2-IQlrHU,Mahan for California,Mahan for California,https://www.youtube.com/channel/UCePbQz1iC9qgNcxtAwv3_zQ,UCePbQz1iC9qgNcxtAwv3_zQ,,
MOlwNNWowi8,https://www.youtube.com/watch?v=MOlwNNWowi8,James Talarico,James Talarico,https://www.youtube.com/channel/UCY0jKbBT2SdUo-hLgDwz5qg,UCY0jKbBT2SdUo-hLgDwz5qg,,
MQUwW0TR_yQ,https://www.youtube.com/watch?v=MQUwW0TR_yQ,Mahan for California,Mahan for California,https://www.youtube.com/channel/UCePbQz1iC9qgNcxtAwv3_zQ,UCePbQz1iC9qgNcxtAwv3_zQ,,
MSJ3jf0oBtQ,https://www.youtube.com/watch?v=MSJ3jf0oBtQ,Sen. Elissa Slotkin,Elissa Slotkin,S001208,UCavPE_osOr5wM3QYUzfs95A,,
MTFvwmyoVRw,https://www.youtube.com/watch?v=MTFvwmyoVRw,Senator Michael Bennet,Michael F. Bennet,B001267,UCXB3cljpMwTyCUyLr2ZVLow,,
MW5Oj0PawJg,https://www.youtube.com/watch?v=MW5Oj0PawJg,Rep. Joe Neguse,Joe Neguse,N000191,UCukNKhsFrzM-LFtp43XPQtg,,
MXEvZp54slE,https://www.youtube.com/watch?v=MXEvZp54slE,Rep. Joe Neguse,Joe Neguse,N000191,UCukNKhsFrzM-LFtp43XPQtg,,
MaYwBv5dy-w,https://www.youtube.com/watch?v=MaYwBv5dy-w,Rep. Auchincloss,Jake Auchincloss,A000148,UCLTp0xAT0gBrF8WReNliMwA,,
Me9BDAh-tMc,https://www.youtube.com/watch?v=Me9BDAh-tMc,Mahan for California,Mahan for California,https://www.youtube.com/channel/UCePbQz1iC9qgNcxtAwv3_zQ,UCePbQz1iC9qgNcxtAwv3_zQ,,
MgiZ8pNdg-o,https://www.youtube.com/watch?v=MgiZ8pNdg-o,Rep. Auchincloss,Jake Auchincloss,A000148,UCLTp0xAT0gBrF8WReNliMwA,,
Mgv8htl77ZM,https://www.youtube.com/watch?v=Mgv8htl77ZM,Sen. Elissa Slotkin,Elissa Slotkin,S001208,UCavPE_osOr5wM3QYUzfs95A,,
MijySCraKlw,https://www.youtube.com/watch?v=MijySCraKlw,Sen. Ruben Gallego,Ruben Gallego,G000574,UCxggVFesZy65a0WBT3_roXQ,,
Ml418THKn4g,https://www.youtube.com/watch?v=Ml418THKn4g,Sen. Ruben Gallego,Ruben Gallego,G000574,UCxggVFesZy65a0WBT3_roXQ,,
MlRJSMsnHl4,https://www.youtube.com/watch?v=MlRJSMsnHl4,Senator Michael Bennet,Michael F. Bennet,B001267,UCXB3cljpMwTyCUyLr2ZVLow,,
MlgiYIurD5I,https://www.youtube.com/watch?v=MlgiYIurD5I,Sen. Mallory McMorrow,Stephen Mallory,M000084,UCUNrNIDIIoXI6W-TCj58HSg,,
Mm7okMEhC3g,https://www.youtube.com/watch?v=Mm7okMEhC3g,Sen. Ruben Gallego,Ruben Gallego,G000574,UCxggVFesZy65a0WBT3_roXQ,,
MmyrUy4PrDA,https://www.youtube.com/watch?v=MmyrUy4PrDA,Rep. Joe Neguse,Joe Neguse,N000191,UCukNKhsFrzM-LFtp43XPQtg,,
MpxX2fCoz28,https://www.youtube.com/watch?v=MpxX2fCoz28,Rep. Joe Neguse,Joe Neguse,N000191,UCukNKhsFrzM-LFtp43XPQtg,,
Mrll7RCGK-g,https://www.youtube.com/watch?v=Mrll7RCGK-g,Sen. Ruben Gallego,Ruben Gallego,G000574,UCxggVFesZy65a0WBT3_roXQ,,
Ms2ztwH6ab8,https://www.youtube.com/watch?v=Ms2ztwH6ab8,Sen. Ruben Gallego,Ruben Gallego,G000574,UCxggVFesZy65a0WBT3_roXQ,,
Mtt2mDsLCxo,https://www.youtube.com/watch?v=Mtt2mDsLCxo,Rep. Marie Gluesenkamp Perez,Marie Gluesenkamp Perez,G000600,UCo4paf7SbVdHOi67ayp1DDg,,
MwnFW-T09YI,https://www.youtube.com/watch?v=MwnFW-T09YI,Sen. Elissa Slotkin,Elissa Slotkin,S001208,UCavPE_osOr5wM3QYUzfs95A,,
MxtiHCi1qMo,https://www.youtube.com/watch?v=MxtiHCi1qMo,Rep. Ritchie Torres,Ritchie Torres,T000486,UC332GOmhxGmHj3WRiHK4hFg,,
MzQjYkwpTb4,https://www.youtube.com/watch?v=MzQjYkwpTb4,Sen. Elissa Slotkin,Elissa Slotkin,S001208,UCavPE_osOr5wM3QYUzfs95A,,
N0sMEd8AVEk,https://www.youtube.com/watch?v=N0sMEd8AVEk,Senator Michael Bennet,Michael F. Bennet,B001267,UCXB3cljpMwTyCUyLr2ZVLow,,
N0wvTBBJ--g,https://www.youtube.com/watch?v=N0wvTBBJ--g,U.S. Congressman Brendan Boyle,Brendan F. Boyle,B001296,UCMP_Anj7lz4eZuSh8GwFqQQ,,
N23F-A9uCmY,https://www.youtube.com/watch?v=N23F-A9uCmY,Rep. Gabe Vasquez,Gabe Vasquez,V000136,UCYNflwnxykWBLTaNbuIFIqA,,
N40JMZ9k7ic,https://www.youtube.com/watch?v=N40JMZ9k7ic,Rep. Marie Gluesenkamp Perez,Marie Gluesenkamp Perez,G000600,UCo4paf7SbVdHOi67ayp1DDg,,
NACiMjQesT0,https://www.youtube.com/watch?v=NACiMjQesT0,Senator Michael Bennet,Michael F. Bennet,B001267,UCXB3cljpMwTyCUyLr2ZVLow,,
NC6s12HPyuw,https://www.youtube.com/watch?v=NC6s12HPyuw,Congresswoman Sarah McBride,Sarah McBride,M001238,UCadfl-Ek-uH5SustAmPL40g,,
NEtaKp1RkvI,https://www.youtube.com/watch?v=NEtaKp1RkvI,Sen. Elissa Slotkin,Elissa Slotkin,S001208,UCavPE_osOr5wM3QYUzfs95A,,
NG_LN-_ramE,https://www.youtube.com/watch?v=NG_LN-_ramE,Mary Peltola,Mary Sattler Peltola,P000619,UCXHT0c_Cqdvp6UAfXDxuGow,,
NHBUs8sYlq4,https://www.youtube.com/watch?v=NHBUs8sYlq4,U.S. Congressman Brendan Boyle,Brendan F. Boyle,B001296,UCMP_Anj7lz4eZuSh8GwFqQQ,,
NK1rWlQQQms,https://www.youtube.com/watch?v=NK1rWlQQQms,Rep. Marie Gluesenkamp Perez,Marie Gluesenkamp Perez,G000600,UCo4paf7SbVdHOi67ayp1DDg,,
NKlgQ_Y3R0o,https://www.youtube.com/watch?v=NKlgQ_Y3R0o,Sen. Ruben Gallego,Ruben Gallego,G000574,UCxggVFesZy65a0WBT3_roXQ,,
NPmfPm_6TLw,https://www.youtube.com/watch?v=NPmfPm_6TLw,Rep. Ritchie Torres,Ritchie Torres,T000486,UC332GOmhxGmHj3WRiHK4hFg,,
NUh3zoZKha4,https://www.youtube.com/watch?v=NUh3zoZKha4,Rep. Ritchie Torres,Norma J. Torres,T000474,UC332GOmhxGmHj3WRiHK4hFg,,
N_-E0qjTPFg,https://www.youtube.com/watch?v=N_-E0qjTPFg,Rep. Auchincloss,Jake Auchincloss,A000148,UCLTp0xAT0gBrF8WReNliMwA,,
Na-X0DL5c4A,https://www.youtube.com/watch?v=Na-X0DL5c4A,Senator Michael Bennet,Michael F. Bennet,B001267,UCXB3cljpMwTyCUyLr2ZVLow,,
NcsTVcKzs4g,https://www.youtube.com/watch?v=NcsTVcKzs4g,Congresswoman Mikie Sherrill,Eliakim Sherrill,S000351,UCt32kuHrxtXlv2JI5FDn0kg,,
Nj4845A24O0,https://www.youtube.com/watch?v=Nj4845A24O0,Sen. Ruben Gallego,Ruben Gallego,G000574,UCxggVFesZy65a0WBT3_roXQ,,
Nm6a-eHB7Rg,https://www.youtube.com/watch?v=Nm6a-eHB7Rg,Maggie Goodlander for Congress,Maggie Goodlander,G000604,UCmy6ACpOou_Vb74yIMSc7hg,,
NpCi0eEwWJI,https://www.youtube.com/watch?v=NpCi0eEwWJI,Jeff Jackson,Jeff Jackson,J000308,UCMS_OsMEOc1s9hlwRvQyahg,,
NrFZlfnyBWs,https://www.youtube.com/watch?v=NrFZlfnyBWs,Congresswoman Sarah McBride,Sarah McBride,M001238,UCadfl-Ek-uH5SustAmPL40g,,
Nuu9qhclJR0,https://www.youtube.com/watch?v=Nuu9qhclJR0,Rep. Ritchie Torres,Ritchie Torres,T000486,UC332GOmhxGmHj3WRiHK4hFg,,
NzkGGLpmBSU,https://www.youtube.com/watch?v=NzkGGLpmBSU,Rep. Ritchie Torres,Ritchie Torres,T000486,UC332GOmhxGmHj3WRiHK4hFg,,
O-nmtBsoKVw,https://www.youtube.com/watch?v=O-nmtBsoKVw,Sen. Elissa Slotkin,Elissa Slotkin,S001208,UCavPE_osOr5wM3QYUzfs95A,,
O7cIPxK1kQs,https://www.youtube.com/watch?v=O7cIPxK1kQs,Sen. Elissa Slotkin,Elissa Slotkin,S001208,UCavPE_osOr5wM3QYUzfs95A,,
O8_3IXFedVY,https://www.youtube.com/watch?v=O8_3IXFedVY,Sen. Elissa Slotkin,Elissa Slotkin,S001208,UCavPE_osOr5wM3QYUzfs95A,,
O8lN_HemIC4,https://www.youtube.com/watch?v=O8lN_HemIC4,Rep. Joe Neguse,Joe Neguse,N000191,UCukNKhsFrzM-LFtp43XPQtg,,
OB357QJBtn0,https://www.youtube.com/watch?v=OB357QJBtn0,Sen. Ruben Gallego,Ruben Gallego,G000574,UCxggVFesZy65a0WBT3_roXQ,,
OC26tJNiKAY,https://www.youtube.com/watch?v=OC26tJNiKAY,Angie Craig,Angie Craig,C001119,UCIQeh8zK8g51o9pNGGglHVA,,
OCFhXuJd8n8,https://www.youtube.com/watch?v=OCFhXuJd8n8,Sen. Ruben Gallego,Ruben Gallego,G000574,UCxggVFesZy65a0WBT3_roXQ,,
ODrCD7oPWwQ,https://www.youtube.com/watch?v=ODrCD7oPWwQ,House Committee on Agriculture,House Committee on Agriculture,https://www.youtube.com/channel/UCWtWf-QUTnJ-UMP5ZNWVB5Q,UCWtWf-QUTnJ-UMP5ZNWVB5Q,,
OGwVvXMiR94,https://www.youtube.com/watch?v=OGwVvXMiR94,Senator Michael Bennet,Michael F. Bennet,B001267,UCXB3cljpMwTyCUyLr2ZVLow,,
OIDQlXEatvA,https://www.youtube.com/watch?v=OIDQlXEatvA,Rep. Auchincloss,Jake Auchincloss,A000148,UCLTp0xAT0gBrF8WReNliMwA,,
OJWGYNkoktA,https://www.youtube.com/watch?v=OJWGYNkoktA,Rep. Joe Neguse,Joe Neguse,N000191,UCukNKhsFrzM-LFtp43XPQtg,,
OLWVP3OALdk,https://www.youtube.com/watch?v=OLWVP3OALdk,Mary Peltola,Mary Sattler Peltola,P000619,UCXHT0c_Cqdvp6UAfXDxuGow,,
OLk-Ey_kQJk,https://www.youtube.com/watch?v=OLk-Ey_kQJk,Mahan for California,Mahan for California,https://www.youtube.com/channel/UCePbQz1iC9qgNcxtAwv3_zQ,UCePbQz1iC9qgNcxtAwv3_zQ,,
ONpntoRihU0,https://www.youtube.com/watch?v=ONpntoRihU0,James Talarico,James Talarico,https://www.youtube.com/channel/UCY0jKbBT2SdUo-hLgDwz5qg,UCY0jKbBT2SdUo-hLgDwz5qg,,
OObiJQWiU1A,https://www.youtube.com/watch?v=OObiJQWiU1A,Rep. Joe Neguse,Michael F. Bennet,B001267,UCukNKhsFrzM-LFtp43XPQtg,,
OTj1zbJm-Jo,https://www.youtube.com/watch?v=OTj1zbJm-Jo,Jeff Jackson,Jeff Jackson,J000308,UCMS_OsMEOc1s9hlwRvQyahg,,
OVyINSfKyxo,https://www.youtube.com/watch?v=OVyINSfKyxo,Maggie Goodlander for Congress,Maggie Goodlander,G000604,UCmy6ACpOou_Vb74yIMSc7hg,,
OfJcYMTKXoI,https://www.youtube.com/watch?v=OfJcYMTKXoI,Rep. Joe Neguse,Joe Neguse,N000191,UCukNKhsFrzM-LFtp43XPQtg,,
OgYe1LddOdU,https://www.youtube.com/watch?v=OgYe1LddOdU,Rep. Auchincloss,Jake Auchincloss,A000148,UCLTp0xAT0gBrF8WReNliMwA,,
OjSgLd0nw2k,https://www.youtube.com/watch?v=OjSgLd0nw2k,Sen. Elissa Slotkin,Elissa Slotkin,S001208,UCavPE_osOr5wM3QYUzfs95A,,
OjrmyBrBmBA,https://www.youtube.com/watch?v=OjrmyBrBmBA,Congresswoman Mikie Sherrill,Mikie Sherrill,S001207,UCt32kuHrxtXlv2JI5FDn0kg,,
OlShcrerGmE,https://www.youtube.com/watch?v=OlShcrerGmE,Senator Michael Bennet,Michael F. Bennet,B001267,UCXB3cljpMwTyCUyLr2ZVLow,,
OmoOETt8IxA,https://www.youtube.com/watch?v=OmoOETt8IxA,James Talarico,James Talarico,https://www.youtube.com/channel/UCY0jKbBT2SdUo-hLgDwz5qg,UCY0jKbBT2SdUo-hLgDwz5qg,,
Op2Gq43P9Vk,https://www.youtube.com/watch?v=Op2Gq43P9Vk,U.S. Congressman Brendan Boyle,Brendan F. Boyle,B001296,UCMP_Anj7lz4eZuSh8GwFqQQ,,
Osuwzyhf3T4,https://www.youtube.com/watch?v=Osuwzyhf3T4,James Talarico,James Talarico,https://www.youtube.com/channel/UCY0jKbBT2SdUo-hLgDwz5qg,UCY0jKbBT2SdUo-hLgDwz5qg,,
OusA6HgTvfM,https://www.youtube.com/watch?v=OusA6HgTvfM,Rep. George Whitesides,George Whitesides,W000830,UCi0_78hGEjLd1EGuie6quKg,,
Ov68S7eX_Ss,https://www.youtube.com/watch?v=Ov68S7eX_Ss,Rep. Marie Gluesenkamp Perez,Marie Gluesenkamp Perez,G000600,UCo4paf7SbVdHOi67ayp1DDg,,
P8IiuNynfzw,https://www.youtube.com/watch?v=P8IiuNynfzw,U.S. Congressman Brendan Boyle,Brendan F. Boyle,B001296,UCMP_Anj7lz4eZuSh8GwFqQQ,,
P9DuqllztkA,https://www.youtube.com/watch?v=P9DuqllztkA,Congresswoman Mikie Sherrill,Eliakim Sherrill,S000351,UCt32kuHrxtXlv2JI5FDn0kg,,
PA1EtK-lO_A,https://www.youtube.com/watch?v=PA1EtK-lO_A,Rep. Joe Neguse,Joe Neguse,N000191,UCukNKhsFrzM-LFtp43XPQtg,,
PAq4d8WvCOs,https://www.youtube.com/watch?v=PAq4d8WvCOs,Rep. Auchincloss,Jake Auchincloss,A000148,UCLTp0xAT0gBrF8WReNliMwA,,
PD4X_ziBeFk,https://www.youtube.com/watch?v=PD4X_ziBeFk,Rep. Auchincloss,Jake Auchincloss,A000148,UCLTp0xAT0gBrF8WReNliMwA,,
PF-umojqq7Y,https://www.youtube.com/watch?v=PF-umojqq7Y,Sen. Elissa Slotkin,Elissa Slotkin,S001208,UCavPE_osOr5wM3QYUzfs95A,,
PJqKCZsLd7E,https://www.youtube.com/watch?v=PJqKCZsLd7E,Sen. Ruben Gallego,Ruben Gallego,G000574,UCxggVFesZy65a0WBT3_roXQ,,
POET4TpGKyY,https://www.youtube.com/watch?v=POET4TpGKyY,Senator Michael Bennet,Michael F. Bennet,B001267,UCXB3cljpMwTyCUyLr2ZVLow,,
POPHL6MYQk0,https://www.youtube.com/watch?v=POPHL6MYQk0,U.S. Congressman Brendan Boyle,Brendan F. Boyle,B001296,UCMP_Anj7lz4eZuSh8GwFqQQ,,
PU8BdgfJL5Y,https://www.youtube.com/watch?v=PU8BdgfJL5Y,Sen. Mallory McMorrow,Stephen Mallory,M000084,UCUNrNIDIIoXI6W-TCj58HSg,,
P_Jq4g0gogo,https://www.youtube.com/watch?v=P_Jq4g0gogo,Sen. Elissa Slotkin,Elissa Slotkin,S001208,UCavPE_osOr5wM3QYUzfs95A,,
PadQNK0oxm4,https://www.youtube.com/watch?v=PadQNK0oxm4,Sen. Mallory McMorrow,Stephen Mallory,M000084,UCUNrNIDIIoXI6W-TCj58HSg,,
PdowFUZePhE,https://www.youtube.com/watch?v=PdowFUZePhE,Mahan for California,Mahan for California,https://www.youtube.com/channel/UCePbQz1iC9qgNcxtAwv3_zQ,UCePbQz1iC9qgNcxtAwv3_zQ,,
Pgdj6W7N0U0,https://www.youtube.com/watch?v=Pgdj6W7N0U0,House Committee on Agriculture,House Committee on Agriculture,https://www.youtube.com/channel/UCWtWf-QUTnJ-UMP5ZNWVB5Q,UCWtWf-QUTnJ-UMP5ZNWVB5Q,,
PrfFdLbZiho,https://www.youtube.com/watch?v=PrfFdLbZiho,Sen. Elissa Slotkin,Elissa Slotkin,S001208,UCavPE_osOr5wM3QYUzfs95A,,
PuE1HBPWFGs,https://www.youtube.com/watch?v=PuE1HBPWFGs,U.S. Congressman Brendan Boyle,Brendan F. Boyle,B001296,UCMP_Anj7lz4eZuSh8GwFqQQ,,
PwdLaZvYu-c,https://www.youtube.com/watch?v=PwdLaZvYu-c,James Talarico,James Talarico,https://www.youtube.com/channel/UCY0jKbBT2SdUo-hLgDwz5qg,UCY0jKbBT2SdUo-hLgDwz5qg,,
Q-Vf9mLOANA,https://www.youtube.com/watch?v=Q-Vf9mLOANA,Congresswoman Sarah McBride,Sarah McBride,M001238,UCadfl-Ek-uH5SustAmPL40g,,
Q0OVyKxQ1hY,https://www.youtube.com/watch?v=Q0OVyKxQ1hY,Rep. Marie Gluesenkamp Perez,Marie Gluesenkamp Perez,G000600,UCo4paf7SbVdHOi67ayp1DDg,,
Q96P4FAtffw,https://www.youtube.com/watch?v=Q96P4FAtffw,Rep. Joe Neguse,Joe Neguse,N000191,UCukNKhsFrzM-LFtp43XPQtg,,
QBErBduSzRI,https://www.youtube.com/watch?v=QBErBduSzRI,Rep. Marie Gluesenkamp Perez,Marie Gluesenkamp Perez,G000600,UCo4paf7SbVdHOi67ayp1DDg,,
QBkWYYhBiKc,https://www.youtube.com/watch?v=QBkWYYhBiKc,U.S. Congressman Brendan Boyle,Brendan F. Boyle,B001296,UCMP_Anj7lz4eZuSh8GwFqQQ,,
QCMh_nYFEK4,https://www.youtube.com/watch?v=QCMh_nYFEK4,U.S. Congressman Brendan Boyle,Brendan F. Boyle,B001296,UCMP_Anj7lz4eZuSh8GwFqQQ,,
QCkFRDO6E8Y,https://www.youtube.com/watch?v=QCkFRDO6E8Y,U.S. Congressman Brendan Boyle,Brendan F. Boyle,B001296,UCMP_Anj7lz4eZuSh8GwFqQQ,,
QIRAsnnTadE,https://www.youtube.com/watch?v=QIRAsnnTadE,Senator Michael Bennet,Michael F. Bennet,B001267,UCXB3cljpMwTyCUyLr2ZVLow,,
QRf84qksGjs,https://www.youtube.com/watch?v=QRf84qksGjs,James Talarico,James Talarico,https://www.youtube.com/channel/UCY0jKbBT2SdUo-hLgDwz5qg,UCY0jKbBT2SdUo-hLgDwz5qg,,
QUnJiU9ETXc,https://www.youtube.com/watch?v=QUnJiU9ETXc,Senator Michael Bennet,Michael F. Bennet,B001267,UCXB3cljpMwTyCUyLr2ZVLow,,
QYp7EFQRx5s,https://www.youtube.com/watch?v=QYp7EFQRx5s,Sen. Ruben Gallego,Ruben Gallego,G000574,UCxggVFesZy65a0WBT3_roXQ,,
QkCMVkHxrxs,https://www.youtube.com/watch?v=QkCMVkHxrxs,James Talarico,James Talarico,https://www.youtube.com/channel/UCY0jKbBT2SdUo-hLgDwz5qg,UCY0jKbBT2SdUo-hLgDwz5qg,,
QlSJ0m5ppto,https://www.youtube.com/watch?v=QlSJ0m5ppto,Senator Michael Bennet,Michael F. Bennet,B001267,UCXB3cljpMwTyCUyLr2ZVLow,,
QrVe-vL0XI4,https://www.youtube.com/watch?v=QrVe-vL0XI4,Sen. Ruben Gallego,Ruben Gallego,G000574,UCxggVFesZy65a0WBT3_roXQ,,
Qwpo-NtKdg4,https://www.youtube.com/watch?v=Qwpo-NtKdg4,Congresswoman Sarah McBride,Sarah McBride,M001238,UCadfl-Ek-uH5SustAmPL40g,,
R0fXA2jYoFI,https://www.youtube.com/watch?v=R0fXA2jYoFI,Rep. Joe Neguse,Joe Neguse,N000191,UCukNKhsFrzM-LFtp43XPQtg,,
R42O2tLu9bg,https://www.youtube.com/watch?v=R42O2tLu9bg,Senator Michael Bennet,Michael F. Bennet,B001267,UCXB3cljpMwTyCUyLr2ZVLow,,
R7mMvMosFWc,https://www.youtube.com/watch?v=R7mMvMosFWc,Sen. Ruben Gallego,Ruben Gallego,G000574,UCxggVFesZy65a0WBT3_roXQ,,
R7pk1ZtUn18,https://www.youtube.com/watch?v=R7pk1ZtUn18,Sen. Elissa Slotkin,Elissa Slotkin,S001208,UCavPE_osOr5wM3QYUzfs95A,,
RA47TAyQ8o4,https://www.youtube.com/watch?v=RA47TAyQ8o4,Mary Peltola,Mary Sattler Peltola,P000619,UCXHT0c_Cqdvp6UAfXDxuGow,,
RHKfwZaMdqU,https://www.youtube.com/watch?v=RHKfwZaMdqU,House Committee on Agriculture,House Committee on Agriculture,https://www.youtube.com/channel/UCWtWf-QUTnJ-UMP5ZNWVB5Q,UCWtWf-QUTnJ-UMP5ZNWVB5Q,,
RN_6GSDUO3o,https://www.youtube.com/watch?v=RN_6GSDUO3o,Rep. George Whitesides,George Whitesides,W000830,UCi0_78hGEjLd1EGuie6quKg,,
ROmxu56dM0c,https://www.youtube.com/watch?v=ROmxu56dM0c,Sen. Elissa Slotkin,Elissa Slotkin,S001208,UCavPE_osOr5wM3QYUzfs95A,,
RRZSwxgauXQ,https://www.youtube.com/watch?v=RRZSwxgauXQ,Sen. Elissa Slotkin,Elissa Slotkin,S001208,UCavPE_osOr5wM3QYUzfs95A,,
RRa7LMIX01Y,https://www.youtube.com/watch?v=RRa7LMIX01Y,Sen. Elissa Slotkin,Elissa Slotkin,S001208,UCavPE_osOr5wM3QYUzfs95A,,
RXQAuLulMvM,https://www.youtube.com/watch?v=RXQAuLulMvM,Rep. Auchincloss,Jake Auchincloss,A000148,UCLTp0xAT0gBrF8WReNliMwA,,
RXsCD9VK5O0,https://www.youtube.com/watch?v=RXsCD9VK5O0,Rep. Auchincloss,Jake Auchincloss,A000148,UCLTp0xAT0gBrF8WReNliMwA,,
Rfb4XYcMvqM,https://www.youtube.com/watch?v=Rfb4XYcMvqM,Congresswoman Mikie Sherrill,Eliakim Sherrill,S000351,UCt32kuHrxtXlv2JI5FDn0kg,,
RgX3Kk8IQuI,https://www.youtube.com/watch?v=RgX3Kk8IQuI,Rep. Auchincloss,Ted Cruz,C001098,UCLTp0xAT0gBrF8WReNliMwA,,
RgqSIXEnzbk,https://www.youtube.com/watch?v=RgqSIXEnzbk,Congresswoman Sarah McBride,Sarah McBride,M001238,UCadfl-Ek-uH5SustAmPL40g,,
Ri3CtC4UE2I,https://www.youtube.com/watch?v=Ri3CtC4UE2I,Rep. Auchincloss,Jake Auchincloss,A000148,UCLTp0xAT0gBrF8WReNliMwA,,
RoQxpqL4Su4,https://www.youtube.com/watch?v=RoQxpqL4Su4,U.S. Congressman Brendan Boyle,Brendan F. Boyle,B001296,UCMP_Anj7lz4eZuSh8GwFqQQ,,
RorDVWBHDL4,https://www.youtube.com/watch?v=RorDVWBHDL4,Rep. Marie Gluesenkamp Perez,Marie Gluesenkamp Perez,G000600,UCo4paf7SbVdHOi67ayp1DDg,,
Rp1PDFiQVL0,https://www.youtube.com/watch?v=Rp1PDFiQVL0,Sen. Elissa Slotkin,Elissa Slotkin,S001208,UCavPE_osOr5wM3QYUzfs95A,,
RrvZ50qx5vw,https://www.youtube.com/watch?v=RrvZ50qx5vw,Sen. Elissa Slotkin,Elissa Slotkin,S001208,UCavPE_osOr5wM3QYUzfs95A,,
RtGdnzRhvu0,https://www.youtube.com/watch?v=RtGdnzRhvu0,Sen. Elissa Slotkin,Elissa Slotkin,S001208,UCavPE_osOr5wM3QYUzfs95A,,
RtKVFVmxHYc,https://www.youtube.com/watch?v=RtKVFVmxHYc,Congresswoman Mikie Sherrill,Mikie Sherrill,S001207,UCt32kuHrxtXlv2JI5FDn0kg,,
Ry15_ClhLak,https://www.youtube.com/watch?v=Ry15_ClhLak,Sen. Elissa Slotkin,Elissa Slotkin,S001208,UCavPE_osOr5wM3QYUzfs95A,,
RylZWJW2nOE,https://www.youtube.com/watch?v=RylZWJW2nOE,Senator Michael Bennet,Michael F. Bennet,B001267,UCXB3cljpMwTyCUyLr2ZVLow,,
S-php6cElps,https://www.youtube.com/watch?v=S-php6cElps,Congresswoman Sarah McBride,Sarah McBride,M001238,UCadfl-Ek-uH5SustAmPL40g,,
S6ZYCiEkmy8,https://www.youtube.com/watch?v=S6ZYCiEkmy8,Congresswoman Mikie Sherrill,Eliakim Sherrill,S000351,UCt32kuHrxtXlv2JI5FDn0kg,,
SA0KHcCvYcA,https://www.youtube.com/watch?v=SA0KHcCvYcA,Sen. Elissa Slotkin,Elissa Slotkin,S001208,UCavPE_osOr5wM3QYUzfs95A,,
SKkEWLMMUT0,https://www.youtube.com/watch?v=SKkEWLMMUT0,Rep. Auchincloss,Jake Auchincloss,A000148,UCLTp0xAT0gBrF8WReNliMwA,,
SKmZAywpa1c,https://www.youtube.com/watch?v=SKmZAywpa1c,Rep. Joe Neguse,Joe Neguse,N000191,UCukNKhsFrzM-LFtp43XPQtg,,
SSPv1UCWc9I,https://www.youtube.com/watch?v=SSPv1UCWc9I,Senator Michael Bennet,Michael F. Bennet,B001267,UCXB3cljpMwTyCUyLr2ZVLow,,
STSTnDis6Vo,https://www.youtube.com/watch?v=STSTnDis6Vo,Senator Michael Bennet,Michael F. Bennet,B001267,UCXB3cljpMwTyCUyLr2ZVLow,,
SXnYGE--n_U,https://www.youtube.com/watch?v=SXnYGE--n_U,James Talarico,James Talarico,https://www.youtube.com/channel/UCY0jKbBT2SdUo-hLgDwz5qg,UCY0jKbBT2SdUo-hLgDwz5qg,,
S_gKp0StZ0A,https://www.youtube.com/watch?v=S_gKp0StZ0A,Maggie Goodlander for Congress,Maggie Goodlander,G000604,UCmy6ACpOou_Vb74yIMSc7hg,,
SdeaLrNjhug,https://www.youtube.com/watch?v=SdeaLrNjhug,House Committee on Agriculture,House Committee on Agriculture,https://www.youtube.com/channel/UCWtWf-QUTnJ-UMP5ZNWVB5Q,UCWtWf-QUTnJ-UMP5ZNWVB5Q,,
SdgHrbiFxss,https://www.youtube.com/watch?v=SdgHrbiFxss,Mahan for California,Mahan for California,https://www.youtube.com/channel/UCePbQz1iC9qgNcxtAwv3_zQ,UCePbQz1iC9qgNcxtAwv3_zQ,,
SdluX9VNlFU,https://www.youtube.com/watch?v=SdluX9VNlFU,Senator Michael Bennet,Michael F. Bennet,B001267,UCXB3cljpMwTyCUyLr2ZVLow,,
SeI-UxWHh-0,https://www.youtube.com/watch?v=SeI-UxWHh-0,Congresswoman Sarah McBride,Sarah McBride,M001238,UCadfl-Ek-uH5SustAmPL40g,,
SllJxLhZYM8,https://www.youtube.com/watch?v=SllJxLhZYM8,U.S. Congressman Brendan Boyle,Brendan F. Boyle,B001296,UCMP_Anj7lz4eZuSh8GwFqQQ,,
SltVXUBc5WI,https://www.youtube.com/watch?v=SltVXUBc5WI,Senator Michael Bennet,Michael F. Bennet,B001267,UCXB3cljpMwTyCUyLr2ZVLow,,
SnqhnkpvJmw,https://www.youtube.com/watch?v=SnqhnkpvJmw,Rep. George Whitesides,George Whitesides,W000830,UCi0_78hGEjLd1EGuie6quKg,,
Srsu9UvOxDk,https://www.youtube.com/watch?v=Srsu9UvOxDk,U.S. Congressman Brendan Boyle,Brendan F. Boyle,B001296,UCMP_Anj7lz4eZuSh8GwFqQQ,,
T2Pxcesba3g,https://www.youtube.com/watch?v=T2Pxcesba3g,Jared Golden for Congress,Jared F. Golden,G000592,UC1OE1T2yMDZ8qPu1bWvQokA,,
T9zOJvRY0wY,https://www.youtube.com/watch?v=T9zOJvRY0wY,Mary Peltola,Mary Sattler Peltola,P000619,UCXHT0c_Cqdvp6UAfXDxuGow,,
TG9FRuseGXs,https://www.youtube.com/watch?v=TG9FRuseGXs,Senator Michael Bennet,Michael F. Bennet,B001267,UCXB3cljpMwTyCUyLr2ZVLow,,
TGoJaFWRhJI,https://www.youtube.com/watch?v=TGoJaFWRhJI,Sen. Ruben Gallego,Ruben Gallego,G000574,UCxggVFesZy65a0WBT3_roXQ,,
TQKMPOOMYQM,https://www.youtube.com/watch?v=TQKMPOOMYQM,Rep. Marie Gluesenkamp Perez,Marie Gluesenkamp Perez,G000600,UCo4paf7SbVdHOi67ayp1DDg,,
TR0l6d4Lb_k,https://www.youtube.com/watch?v=TR0l6d4Lb_k,Congresswoman Mikie Sherrill,Eliakim Sherrill,S000351,UCt32kuHrxtXlv2JI5FDn0kg,,
TRavcuVB0cg,https://www.youtube.com/watch?v=TRavcuVB0cg,Maggie Goodlander for Congress,Maggie Goodlander,G000604,UCmy6ACpOou_Vb74yIMSc7hg,,
TRuCRYx2NSI,https://www.youtube.com/watch?v=TRuCRYx2NSI,Congresswoman Mikie Sherrill,Eliakim Sherrill,S000351,UCt32kuHrxtXlv2JI5FDn0kg,,
TTsirp3WvuA,https://www.youtube.com/watch?v=TTsirp3WvuA,Sen. Ruben Gallego,Ruben Gallego,G000574,UCxggVFesZy65a0WBT3_roXQ,,
TU8iyWGnABQ,https://www.youtube.com/watch?v=TU8iyWGnABQ,Senator Michael Bennet,Michael F. Bennet,B001267,UCXB3cljpMwTyCUyLr2ZVLow,,
TX7yLatBNBQ,https://www.youtube.com/watch?v=TX7yLatBNBQ,James Talarico,James Talarico,https://www.youtube.com/channel/UCY0jKbBT2SdUo-hLgDwz5qg,UCY0jKbBT2SdUo-hLgDwz5qg,,
T_Be38X2wOw,https://www.youtube.com/watch?v=T_Be38X2wOw,U.S. Congressman Brendan Boyle,Brendan F. Boyle,B001296,UCMP_Anj7lz4eZuSh8GwFqQQ,,
TaYmveUdLss,https://www.youtube.com/watch?v=TaYmveUdLss,U.S. Congressman Brendan Boyle,Brendan F. Boyle,B001296,UCMP_Anj7lz4eZuSh8GwFqQQ,,
Tf7JKi-6cSA,https://www.youtube.com/watch?v=Tf7JKi-6cSA,Sen. Ruben Gallego,Ruben Gallego,G000574,UCxggVFesZy65a0WBT3_roXQ,,
TgojTAFjyvw,https://www.youtube.com/watch?v=TgojTAFjyvw,Rep. Marie Gluesenkamp Perez,Marie Gluesenkamp Perez,G000600,UCo4paf7SbVdHOi67ayp1DDg,,
TkhobH3q7bw,https://www.youtube.com/watch?v=TkhobH3q7bw,Rep. Auchincloss,Jake Auchincloss,A000148,UCLTp0xAT0gBrF8WReNliMwA,,
TmP3-lVyFWM,https://www.youtube.com/watch?v=TmP3-lVyFWM,Rep. Joe Neguse,Joe Neguse,N000191,UCukNKhsFrzM-LFtp43XPQtg,,
TqQMQ15B89I,https://www.youtube.com/watch?v=TqQMQ15B89I,Rep. Ritchie Torres,Ritchie Torres,T000486,UC332GOmhxGmHj3WRiHK4hFg,,
U1gMk1QSLU8,https://www.youtube.com/watch?v=U1gMk1QSLU8,Sen. Ruben Gallego,Ruben Gallego,G000574,UCxggVFesZy65a0WBT3_roXQ,,
U81W8dnAx-0,https://www.youtube.com/watch?v=U81W8dnAx-0,Sen. Elissa Slotkin,Elissa Slotkin,S001208,UCavPE_osOr5wM3QYUzfs95A,,
U9MzFSWWs94,https://www.youtube.com/watch?v=U9MzFSWWs94,Jeff Jackson,Jeff Jackson,J000308,UCMS_OsMEOc1s9hlwRvQyahg,,
UArz9GkjjZE,https://www.youtube.com/watch?v=UArz9GkjjZE,Rep. Joe Neguse,Joe Neguse,N000191,UCukNKhsFrzM-LFtp43XPQtg,,
UGyFCfqo6SA,https://www.youtube.com/watch?v=UGyFCfqo6SA,Jeff Jackson,Jeff Jackson,J000308,UCMS_OsMEOc1s9hlwRvQyahg,,
UJvIH_CrYiQ,https://www.youtube.com/watch?v=UJvIH_CrYiQ,House Committee on Agriculture,House Committee on Agriculture,https://www.youtube.com/channel/UCWtWf-QUTnJ-UMP5ZNWVB5Q,UCWtWf-QUTnJ-UMP5ZNWVB5Q,,
UKmiS-Inxsk,https://www.youtube.com/watch?v=UKmiS-Inxsk,Sen. Ruben Gallego,Ruben Gallego,G000574,UCxggVFesZy65a0WBT3_roXQ,,
UMsrceww8tA,https://www.youtube.com/watch?v=UMsrceww8tA,James Talarico,James Talarico,https://www.youtube.com/channel/UCY0jKbBT2SdUo-hLgDwz5qg,UCY0jKbBT2SdUo-hLgDwz5qg,,
UNLMdgyYh_4,https://www.youtube.com/watch?v=UNLMdgyYh_4,Rep. Marie Gluesenkamp Perez,Marie Gluesenkamp Perez,G000600,UCo4paf7SbVdHOi67ayp1DDg,,
UOOwRJ5nEPU,https://www.youtube.com/watch?v=UOOwRJ5nEPU,Rep. Marie Gluesenkamp Perez,Marie Gluesenkamp Perez,G000600,UCo4paf7SbVdHOi67ayp1DDg,,
UPXrXwuyAq8,https://www.youtube.com/watch?v=UPXrXwuyAq8,Sen. Elissa Slotkin,Elissa Slotkin,S001208,UCavPE_osOr5wM3QYUzfs95A,,
URLAEw5fLe4,https://www.youtube.com/watch?v=URLAEw5fLe4,Mary Peltola,Mary Sattler Peltola,P000619,UCXHT0c_Cqdvp6UAfXDxuGow,,
UTk-rFgj5vk,https://www.youtube.com/watch?v=UTk-rFgj5vk,Mary Peltola,Mary Sattler Peltola,P000619,UCXHT0c_Cqdvp6UAfXDxuGow,,
UXJ35rd1sgk,https://www.youtube.com/watch?v=UXJ35rd1sgk,Sen. Ruben Gallego,Ruben Gallego,G000574,UCxggVFesZy65a0WBT3_roXQ,,
UXpzlNa5aqg,https://www.youtube.com/watch?v=UXpzlNa5aqg,Mahan for California,Mahan for California,https://www.youtube.com/channel/UCePbQz1iC9qgNcxtAwv3_zQ,UCePbQz1iC9qgNcxtAwv3_zQ,,
UXrat45avtE,https://www.youtube.com/watch?v=UXrat45avtE,Sen. Elissa Slotkin,Elissa Slotkin,S001208,UCavPE_osOr5wM3QYUzfs95A,,
UY3arjWgQS4,https://www.youtube.com/watch?v=UY3arjWgQS4,Sen. Ruben Gallego,Ruben Gallego,G000574,UCxggVFesZy65a0WBT3_roXQ,,
UYWFLaRnCfo,https://www.youtube.com/watch?v=UYWFLaRnCfo,Sen. Ruben Gallego,Ruben Gallego,G000574,UCxggVFesZy65a0WBT3_roXQ,,
U_QIsd3WCeE,https://www.youtube.com/watch?v=U_QIsd3WCeE,Abigail Spanberger for Governor,Abigail Davis Spanberger,S001209,UCxJTgExEfcqCdIj4SMJyqrQ,,
UeoLShoeqjs,https://www.youtube.com/watch?v=UeoLShoeqjs,James Talarico,James Talarico,https://www.youtube.com/channel/UCY0jKbBT2SdUo-hLgDwz5qg,UCY0jKbBT2SdUo-hLgDwz5qg,,
Uf5Fo4-q5eg,https://www.youtube.com/watch?v=Uf5Fo4-q5eg,Abigail Spanberger for Governor,Abigail Davis Spanberger,S001209,UCxJTgExEfcqCdIj4SMJyqrQ,,
UhWkpMoeCXA,https://www.youtube.com/watch?v=UhWkpMoeCXA,Senator Michael Bennet,Michael F. Bennet,B001267,UCXB3cljpMwTyCUyLr2ZVLow,,
UiKylbNGXw8,https://www.youtube.com/watch?v=UiKylbNGXw8,Rep. Ritchie Torres,Ritchie Torres,T000486,UC332GOmhxGmHj3WRiHK4hFg,,
UkEWtGAG2wQ,https://www.youtube.com/watch?v=UkEWtGAG2wQ,Rep. Auchincloss,Jake Auchincloss,A000148,UCLTp0xAT0gBrF8WReNliMwA,,
UrY6FXegti8,https://www.youtube.com/watch?v=UrY6FXegti8,Rep. Marie Gluesenkamp Perez,Marie Gluesenkamp Perez,G000600,UCo4paf7SbVdHOi67ayp1DDg,,
UsAMGqaiQOw,https://www.youtube.com/watch?v=UsAMGqaiQOw,Mahan for California,Mahan for California,https://www.youtube.com/channel/UCePbQz1iC9qgNcxtAwv3_zQ,UCePbQz1iC9qgNcxtAwv3_zQ,,
Ut0daRk4zc8,https://www.youtube.com/watch?v=Ut0daRk4zc8,Rep. Ritchie Torres,Ritchie Torres,T000486,UC332GOmhxGmHj3WRiHK4hFg,,
Ut51lVAeIZI,https://www.youtube.com/watch?v=Ut51lVAeIZI,Rep. Auchincloss,Jake Auchincloss,A000148,UCLTp0xAT0gBrF8WReNliMwA,,
UvjfDkg8MXU,https://www.youtube.com/watch?v=UvjfDkg8MXU,Senator Michael Bennet,Michael F. Bennet,B001267,UCXB3cljpMwTyCUyLr2ZVLow,,
UxhBWZgiUiY,https://www.youtube.com/watch?v=UxhBWZgiUiY,Sen. Ruben Gallego,Ruben Gallego,G000574,UCxggVFesZy65a0WBT3_roXQ,,
Uz-cUlVN8Q4,https://www.youtube.com/watch?v=Uz-cUlVN8Q4,Sen. Mallory McMorrow,Stephen Mallory,M000084,UCUNrNIDIIoXI6W-TCj58HSg,,
V-0oK1C0IhQ,https://www.youtube.com/watch?v=V-0oK1C0IhQ,Rep. Ritchie Torres,Ritchie Torres,T000486,UC332GOmhxGmHj3WRiHK4hFg,,
V-ZQbKN89vc,https://www.youtube.com/watch?v=V-ZQbKN89vc,Rep. Ritchie Torres,Ritchie Torres,T000486,UC332GOmhxGmHj3WRiHK4hFg,,
V0sJMaxf6Rw,https://www.youtube.com/watch?v=V0sJMaxf6Rw,U.S. Congressman Brendan Boyle,Brendan F. Boyle,B001296,UCMP_Anj7lz4eZuSh8GwFqQQ,,
V1b_zOFK3Ew,https://www.youtube.com/watch?v=V1b_zOFK3Ew,James Talarico,James Talarico,https://www.youtube.com/channel/UCY0jKbBT2SdUo-hLgDwz5qg,UCY0jKbBT2SdUo-hLgDwz5qg,,
V2zads_S_mM,https://www.youtube.com/watch?v=V2zads_S_mM,U.S. Congressman Brendan Boyle,Brendan F. Boyle,B001296,UCMP_Anj7lz4eZuSh8GwFqQQ,,
V78eJKHixGk,https://www.youtube.com/watch?v=V78eJKHixGk,Rep. Auchincloss,Jake Auchincloss,A000148,UCLTp0xAT0gBrF8WReNliMwA,,
VA2mjJJYBeU,https://www.youtube.com/watch?v=VA2mjJJYBeU,Mahan for California,Mahan for California,https://www.youtube.com/channel/UCePbQz1iC9qgNcxtAwv3_zQ,UCePbQz1iC9qgNcxtAwv3_zQ,,
VC_0wsq_kys,https://www.youtube.com/watch?v=VC_0wsq_kys,Sen. Elissa Slotkin,Elissa Slotkin,S001208,UCavPE_osOr5wM3QYUzfs95A,,
VDt9s1WvgQA,https://www.youtube.com/watch?v=VDt9s1WvgQA,U.S. Congressman Brendan Boyle,Brendan F. Boyle,B001296,UCMP_Anj7lz4eZuSh8GwFqQQ,,
VFdujLJ4LaI,https://www.youtube.com/watch?v=VFdujLJ4LaI,Senator Michael Bennet,Michael F. Bennet,B001267,UCXB3cljpMwTyCUyLr2ZVLow,,
VJGltHohD-s,https://www.youtube.com/watch?v=VJGltHohD-s,Rep. Joe Neguse,Joe Neguse,N000191,UCukNKhsFrzM-LFtp43XPQtg,,
VL2Jr-Vgl2g,https://www.youtube.com/watch?v=VL2Jr-Vgl2g,Rep. George Whitesides,George Whitesides,W000830,UCi0_78hGEjLd1EGuie6quKg,,
VNt684RyAdI,https://www.youtube.com/watch?v=VNt684RyAdI,Senator Michael Bennet,Michael F. Bennet,B001267,UCXB3cljpMwTyCUyLr2ZVLow,,
VPd0PscsQ70,https://www.youtube.com/watch?v=VPd0PscsQ70,Mahan for California,Mahan for California,https://www.youtube.com/channel/UCePbQz1iC9qgNcxtAwv3_zQ,UCePbQz1iC9qgNcxtAwv3_zQ,,
VXmY_5kR1oQ,https://www.youtube.com/watch?v=VXmY_5kR1oQ,House Committee on Agriculture,House Committee on Agriculture,https://www.youtube.com/channel/UCWtWf-QUTnJ-UMP5ZNWVB5Q,UCWtWf-QUTnJ-UMP5ZNWVB5Q,,
Vc0qoVK5L08,https://www.youtube.com/watch?v=Vc0qoVK5L08,Rep. Ritchie Torres,Ritchie Torres,T000486,UC332GOmhxGmHj3WRiHK4hFg,,
VeF4aOgSo5k,https://www.youtube.com/watch?v=VeF4aOgSo5k,Sen. Elissa Slotkin,Elissa Slotkin,S001208,UCavPE_osOr5wM3QYUzfs95A,,
VhL_wpe57s0,https://www.youtube.com/watch?v=VhL_wpe57s0,Sen. Ruben Gallego,Ruben Gallego,G000574,UCxggVFesZy65a0WBT3_roXQ,,
VjXkbUv4UX0,https://www.youtube.com/watch?v=VjXkbUv4UX0,Congresswoman Mikie Sherrill,Mikie Sherrill,S001207,UCt32kuHrxtXlv2JI5FDn0kg,,
VmLp9bVjJJw,https://www.youtube.com/watch?v=VmLp9bVjJJw,House Committee on Agriculture,House Committee on Agriculture,https://www.youtube.com/channel/UCWtWf-QUTnJ-UMP5ZNWVB5Q,UCWtWf-QUTnJ-UMP5ZNWVB5Q,,
VsAWbHhPoUQ,https://www.youtube.com/watch?v=VsAWbHhPoUQ,Rep. Auchincloss,Jake Auchincloss,A000148,UCLTp0xAT0gBrF8WReNliMwA,,
VtPwPuAnasY,https://www.youtube.com/watch?v=VtPwPuAnasY,Sen. Ruben Gallego,Ruben Gallego,G000574,UCxggVFesZy65a0WBT3_roXQ,,
VvcWgWj8evo,https://www.youtube.com/watch?v=VvcWgWj8evo,Rep. Ritchie Torres,Ritchie Torres,T000486,UC332GOmhxGmHj3WRiHK4hFg,,
Vvw2Hu_aSNw,https://www.youtube.com/watch?v=Vvw2Hu_aSNw,Senator Michael Bennet,Michael F. Bennet,B001267,UCXB3cljpMwTyCUyLr2ZVLow,,
VwPbi7pTrBE,https://www.youtube.com/watch?v=VwPbi7pTrBE,Senator Michael Bennet,Michael F. Bennet,B001267,UCXB3cljpMwTyCUyLr2ZVLow,,
Vxkn0RFUXQA,https://www.youtube.com/watch?v=Vxkn0RFUXQA,Sen. Ruben Gallego,Ruben Gallego,G000574,UCxggVFesZy65a0WBT3_roXQ,,
W0rmZuwWiwI,https://www.youtube.com/watch?v=W0rmZuwWiwI,Rep. Marie Gluesenkamp Perez,Marie Gluesenkamp Perez,G000600,UCo4paf7SbVdHOi67ayp1DDg,,
W98PJPoJbUM,https://www.youtube.com/watch?v=W98PJPoJbUM,Rep. Ritchie Torres,Ritchie Torres,T000486,UC332GOmhxGmHj3WRiHK4hFg,,
WGCae5FbD6M,https://www.youtube.com/watch?v=WGCae5FbD6M,Mary Peltola,Mary Sattler Peltola,P000619,UCXHT0c_Cqdvp6UAfXDxuGow,,
WGbK2KpF81Q,https://www.youtube.com/watch?v=WGbK2KpF81Q,Jeff Jackson,Jeff Jackson,J000308,UCMS_OsMEOc1s9hlwRvQyahg,,
WIr0SSJEpU4,https://www.youtube.com/watch?v=WIr0SSJEpU4,House Committee on Agriculture,House Committee on Agriculture,https://www.youtube.com/channel/UCWtWf-QUTnJ-UMP5ZNWVB5Q,UCWtWf-QUTnJ-UMP5ZNWVB5Q,,
WJfRkZoI-yg,https://www.youtube.com/watch?v=WJfRkZoI-yg,Sen. Elissa Slotkin,Elissa Slotkin,S001208,UCavPE_osOr5wM3QYUzfs95A,,
WKYIUJGJdGs,https://www.youtube.com/watch?v=WKYIUJGJdGs,Sen. Ruben Gallego,Ruben Gallego,G000574,UCxggVFesZy65a0WBT3_roXQ,,
WLdLtdHY-Jc,https://www.youtube.com/watch?v=WLdLtdHY-Jc,Rep. Auchincloss,Jake Auchincloss,A000148,UCLTp0xAT0gBrF8WReNliMwA,,
WNx8cqv3-jk,https://www.youtube.com/watch?v=WNx8cqv3-jk,House Committee on Agriculture,House Committee on Agriculture,https://www.youtube.com/channel/UCWtWf-QUTnJ-UMP5ZNWVB5Q,UCWtWf-QUTnJ-UMP5ZNWVB5Q,,
WPnxU_gI_Hs,https://www.youtube.com/watch?v=WPnxU_gI_Hs,Senator Michael Bennet,Michael F. Bennet,B001267,UCXB3cljpMwTyCUyLr2ZVLow,,
WSDuatYkRDs,https://www.youtube.com/watch?v=WSDuatYkRDs,Sen. Elissa Slotkin,Elissa Slotkin,S001208,UCavPE_osOr5wM3QYUzfs95A,,
WT9615znx04,https://www.youtube.com/watch?v=WT9615znx04,Sen. Ruben Gallego,Ruben Gallego,G000574,UCxggVFesZy65a0WBT3_roXQ,,
WTmRhX0jqb0,https://www.youtube.com/watch?v=WTmRhX0jqb0,House Committee on Agriculture,House Committee on Agriculture,https://www.youtube.com/channel/UCWtWf-QUTnJ-UMP5ZNWVB5Q,UCWtWf-QUTnJ-UMP5ZNWVB5Q,,
WcKcp7jaXdo,https://www.youtube.com/watch?v=WcKcp7jaXdo,Rep. Marie Gluesenkamp Perez,Marie Gluesenkamp Perez,G000600,UCo4paf7SbVdHOi67ayp1DDg,,
Wdw_8d66OCg,https://www.youtube.com/watch?v=Wdw_8d66OCg,U.S. Congressman Brendan Boyle,Brendan F. Boyle,B001296,UCMP_Anj7lz4eZuSh8GwFqQQ,,
WiFE5poHQ5c,https://www.youtube.com/watch?v=WiFE5poHQ5c,Mahan for California,Mahan for California,https://www.youtube.com/channel/UCePbQz1iC9qgNcxtAwv3_zQ,UCePbQz1iC9qgNcxtAwv3_zQ,,
WiRc2JvXH5M,https://www.youtube.com/watch?v=WiRc2JvXH5M,Senator Michael Bennet,Michael F. Bennet,B001267,UCXB3cljpMwTyCUyLr2ZVLow,,
Wiq-LfID0l4,https://www.youtube.com/watch?v=Wiq-LfID0l4,Rep. Ritchie Torres,Ritchie Torres,T000486,UC332GOmhxGmHj3WRiHK4hFg,,
WmNjY0uXVso,https://www.youtube.com/watch?v=WmNjY0uXVso,Rep. Joe Neguse,Joe Neguse,N000191,UCukNKhsFrzM-LFtp43XPQtg,,
WnfF1Sw53Sc,https://www.youtube.com/watch?v=WnfF1Sw53Sc,Sen. Mallory McMorrow,Stephen Mallory,M000084,UCUNrNIDIIoXI6W-TCj58HSg,,
WpPsBp2ARyM,https://www.youtube.com/watch?v=WpPsBp2ARyM,Sen. Ruben Gallego,Ruben Gallego,G000574,UCxggVFesZy65a0WBT3_roXQ,,
WqnNhEYBhtc,https://www.youtube.com/watch?v=WqnNhEYBhtc,Rep. Joe Neguse,Joe Neguse,N000191,UCukNKhsFrzM-LFtp43XPQtg,,
WsyJr-c8q-o,https://www.youtube.com/watch?v=WsyJr-c8q-o,James Talarico,James Talarico,https://www.youtube.com/channel/UCY0jKbBT2SdUo-hLgDwz5qg,UCY0jKbBT2SdUo-hLgDwz5qg,,
Wu001hKWpu0,https://www.youtube.com/watch?v=Wu001hKWpu0,Rep. Joe Neguse,Joe Neguse,N000191,UCukNKhsFrzM-LFtp43XPQtg,,
Wv1rouwO54A,https://www.youtube.com/watch?v=Wv1rouwO54A,U.S. Congressman Brendan Boyle,Brendan F. Boyle,B001296,UCMP_Anj7lz4eZuSh8GwFqQQ,,
WwvTWSAJz80,https://www.youtube.com/watch?v=WwvTWSAJz80,Rep. Ritchie Torres,Ritchie Torres,T000486,UC332GOmhxGmHj3WRiHK4hFg,,
Wx4Q7F3bN1M,https://www.youtube.com/watch?v=Wx4Q7F3bN1M,Rep. Joe Neguse,Joe Neguse,N000191,UCukNKhsFrzM-LFtp43XPQtg,,
WzOHm3LMFZE,https://www.youtube.com/watch?v=WzOHm3LMFZE,Senator Michael Bennet,Michael F. Bennet,B001267,UCXB3cljpMwTyCUyLr2ZVLow,,
X3FHdkKbmhc,https://www.youtube.com/watch?v=X3FHdkKbmhc,Rep. Marie Gluesenkamp Perez,Marie Gluesenkamp Perez,G000600,UCo4paf7SbVdHOi67ayp1DDg,,
X9LtFOTVy4Y,https://www.youtube.com/watch?v=X9LtFOTVy4Y,Sen. Elissa Slotkin,Elissa Slotkin,S001208,UCavPE_osOr5wM3QYUzfs95A,,
XAAtsvNaO8k,https://www.youtube.com/watch?v=XAAtsvNaO8k,Senator Michael Bennet,Michael F. Bennet,B001267,UCXB3cljpMwTyCUyLr2ZVLow,,
XAYtPoz15UU,https://www.youtube.com/watch?v=XAYtPoz15UU,Senator Michael Bennet,Michael F. Bennet,B001267,UCXB3cljpMwTyCUyLr2ZVLow,,
XGr9BKBAlSE,https://www.youtube.com/watch?v=XGr9BKBAlSE,Rep. Gabe Vasquez,Gabe Vasquez,V000136,UCYNflwnxykWBLTaNbuIFIqA,,
XJRv_3uZ_CA,https://www.youtube.com/watch?v=XJRv_3uZ_CA,Rep. Ritchie Torres,Ritchie Torres,T000486,UC332GOmhxGmHj3WRiHK4hFg,,
XLEsSJDHK3Q,https://www.youtube.com/watch?v=XLEsSJDHK3Q,Sen. Elissa Slotkin,Elissa Slotkin,S001208,UCavPE_osOr5wM3QYUzfs95A,,
XLiliPKj6iY,https://www.youtube.com/watch?v=XLiliPKj6iY,Mary Peltola,Mary Sattler Peltola,P000619,UCXHT0c_Cqdvp6UAfXDxuGow,,
XQkr3Duv-FI,https://www.youtube.com/watch?v=XQkr3Duv-FI,Senator Michael Bennet,Michael F. Bennet,B001267,UCXB3cljpMwTyCUyLr2ZVLow,,
XSZxfFN-q4s,https://www.youtube.com/watch?v=XSZxfFN-q4s,U.S. Congressman Brendan Boyle,Brendan F. Boyle,B001296,UCMP_Anj7lz4eZuSh8GwFqQQ,,
XUCkehjZMDE,https://www.youtube.com/watch?v=XUCkehjZMDE,Maggie Goodlander for Congress,Maggie Goodlander,G000604,UCmy6ACpOou_Vb74yIMSc7hg,,
XV_MmqHuKYs,https://www.youtube.com/watch?v=XV_MmqHuKYs,Mahan for California,Mahan for California,https://www.youtube.com/channel/UCePbQz1iC9qgNcxtAwv3_zQ,UCePbQz1iC9qgNcxtAwv3_zQ,,
XWo-zSf2BRs,https://www.youtube.com/watch?v=XWo-zSf2BRs,Sen. Elissa Slotkin,Elissa Slotkin,S001208,UCavPE_osOr5wM3QYUzfs95A,,
Xa9Hup00oko,https://www.youtube.com/watch?v=Xa9Hup00oko,Rep. Marie Gluesenkamp Perez,Marie Gluesenkamp Perez,G000600,UCo4paf7SbVdHOi67ayp1DDg,,
XaaO3tmlRh8,https://www.youtube.com/watch?v=XaaO3tmlRh8,James Talarico,James Talarico,https://www.youtube.com/channel/UCY0jKbBT2SdUo-hLgDwz5qg,UCY0jKbBT2SdUo-hLgDwz5qg,,
XdGfnpndAuA,https://www.youtube.com/watch?v=XdGfnpndAuA,Sen. Elissa Slotkin,Elissa Slotkin,S001208,UCavPE_osOr5wM3QYUzfs95A,,
XekhtZ4Qqb0,https://www.youtube.com/watch?v=XekhtZ4Qqb0,Rep. Marie Gluesenkamp Perez,Marie Gluesenkamp Perez,G000600,UCo4paf7SbVdHOi67ayp1DDg,,
Xf04TpxJT8Y,https://www.youtube.com/watch?v=Xf04TpxJT8Y,Abigail Spanberger for Governor,Abigail Davis Spanberger,S001209,UCxJTgExEfcqCdIj4SMJyqrQ,,
XftaonqlYIA,https://www.youtube.com/watch?v=XftaonqlYIA,House Committee on Agriculture,House Committee on Agriculture,https://www.youtube.com/channel/UCWtWf-QUTnJ-UMP5ZNWVB5Q,UCWtWf-QUTnJ-UMP5ZNWVB5Q,,
XhjJmfyzl1c,https://www.youtube.com/watch?v=XhjJmfyzl1c,Senator Michael Bennet,Michael F. Bennet,B001267,UCXB3cljpMwTyCUyLr2ZVLow,,
Xj70jM7daSc,https://www.youtube.com/watch?v=Xj70jM7daSc,Sen. Mallory McMorrow,Stephen Mallory,M000084,UCUNrNIDIIoXI6W-TCj58HSg,,
XmOTluIujCU,https://www.youtube.com/watch?v=XmOTluIujCU,Mary Peltola,Mary Sattler Peltola,P000619,UCXHT0c_Cqdvp6UAfXDxuGow,,
XpArsxwkz9Q,https://www.youtube.com/watch?v=XpArsxwkz9Q,Sen. Elissa Slotkin,Elissa Slotkin,S001208,UCavPE_osOr5wM3QYUzfs95A,,
Xq8IaNg6joY,https://www.youtube.com/watch?v=Xq8IaNg6joY,James Talarico,James Talarico,https://www.youtube.com/channel/UCY0jKbBT2SdUo-hLgDwz5qg,UCY0jKbBT2SdUo-hLgDwz5qg,,
Xvzqa6AaExg,https://www.youtube.com/watch?v=Xvzqa6AaExg,James Talarico,James Talarico,https://www.youtube.com/channel/UCY0jKbBT2SdUo-hLgDwz5qg,UCY0jKbBT2SdUo-hLgDwz5qg,,
Y65o65M0Y8Y,https://www.youtube.com/watch?v=Y65o65M0Y8Y,Senator Michael Bennet,Michael F. Bennet,B001267,UCXB3cljpMwTyCUyLr2ZVLow,,
YDHL9Bs485o,https://www.youtube.com/watch?v=YDHL9Bs485o,Rep. George Whitesides,George Whitesides,W000830,UCi0_78hGEjLd1EGuie6quKg,,
YEHatD7qwNU,https://www.youtube.com/watch?v=YEHatD7qwNU,Senator Michael Bennet,Michael F. Bennet,B001267,UCXB3cljpMwTyCUyLr2ZVLow,,
YFj4QYSrqsY,https://www.youtube.com/watch?v=YFj4QYSrqsY,Rep. Marie Gluesenkamp Perez,Marie Gluesenkamp Perez,G000600,UCo4paf7SbVdHOi67ayp1DDg,,
YGjoJkDMoIw,https://www.youtube.com/watch?v=YGjoJkDMoIw,Senator Michael Bennet,Michael F. Bennet,B001267,UCXB3cljpMwTyCUyLr2ZVLow,,
YK70Lb9xM9Y,https://www.youtube.com/watch?v=YK70Lb9xM9Y,Jeff Jackson,Jeff Jackson,J000308,UCMS_OsMEOc1s9hlwRvQyahg,,
YKXh5X8ncTU,https://www.youtube.com/watch?v=YKXh5X8ncTU,Rep. Marie Gluesenkamp Perez,Marie Gluesenkamp Perez,G000600,UCo4paf7SbVdHOi67ayp1DDg,,
YOoB_Cgvexo,https://www.youtube.com/watch?v=YOoB_Cgvexo,James Talarico,James Talarico,https://www.youtube.com/channel/UCY0jKbBT2SdUo-hLgDwz5qg,UCY0jKbBT2SdUo-hLgDwz5qg,,
YRhnJTX0B98,https://www.youtube.com/watch?v=YRhnJTX0B98,James Talarico,James Talarico,https://www.youtube.com/channel/UCY0jKbBT2SdUo-hLgDwz5qg,UCY0jKbBT2SdUo-hLgDwz5qg,,
YTQiQFcv_J4,https://www.youtube.com/watch?v=YTQiQFcv_J4,House Committee on Agriculture,House Committee on Agriculture,https://www.youtube.com/channel/UCWtWf-QUTnJ-UMP5ZNWVB5Q,UCWtWf-QUTnJ-UMP5ZNWVB5Q,,
YUCh-GbMeZw,https://www.youtube.com/watch?v=YUCh-GbMeZw,Angie Craig,Angie Craig,C001119,UCIQeh8zK8g51o9pNGGglHVA,,
YZWkcbK5Apk,https://www.youtube.com/watch?v=YZWkcbK5Apk,Rep. Marie Gluesenkamp Perez,Marie Gluesenkamp Perez,G000600,UCo4paf7SbVdHOi67ayp1DDg,,
YZm9IYE-ua4,https://www.youtube.com/watch?v=YZm9IYE-ua4,Senator Michael Bennet,Michael F. Bennet,B001267,UCXB3cljpMwTyCUyLr2ZVLow,,
Y_9gdagCqG4,https://www.youtube.com/watch?v=Y_9gdagCqG4,Abigail Spanberger for Governor,Abigail Davis Spanberger,S001209,UCxJTgExEfcqCdIj4SMJyqrQ,,
Y__IgHZaAqo,https://www.youtube.com/watch?v=Y__IgHZaAqo,Rep. Marie Gluesenkamp Perez,Marie Gluesenkamp Perez,G000600,UCo4paf7SbVdHOi67ayp1DDg,,
YblTNnPi03g,https://www.youtube.com/watch?v=YblTNnPi03g,U.S. Congressman Brendan Boyle,Brendan F. Boyle,B001296,UCMP_Anj7lz4eZuSh8GwFqQQ,,
YcOcEpTexdU,https://www.youtube.com/watch?v=YcOcEpTexdU,Mahan for California,Mahan for California,https://www.youtube.com/channel/UCePbQz1iC9qgNcxtAwv3_zQ,UCePbQz1iC9qgNcxtAwv3_zQ,,
YdPql9MruYo,https://www.youtube.com/watch?v=YdPql9MruYo,Abigail Spanberger for Governor,Abigail Davis Spanberger,S001209,UCxJTgExEfcqCdIj4SMJyqrQ,,
Ye_GSPjJG1Y,https://www.youtube.com/watch?v=Ye_GSPjJG1Y,Sen. Elissa Slotkin,Elissa Slotkin,S001208,UCavPE_osOr5wM3QYUzfs95A,,
YjO7dyru5aQ,https://www.youtube.com/watch?v=YjO7dyru5aQ,Rep. Auchincloss,Jake Auchincloss,A000148,UCLTp0xAT0gBrF8WReNliMwA,,
Yo4rwBrVbVg,https://www.youtube.com/watch?v=Yo4rwBrVbVg,Sen. Ruben Gallego,Ruben Gallego,G000574,UCxggVFesZy65a0WBT3_roXQ,,
Yy8S-UC6ZtU,https://www.youtube.com/watch?v=Yy8S-UC6ZtU,Maggie Goodlander for Congress,Maggie Goodlander,G000604,UCmy6ACpOou_Vb74yIMSc7hg,,
YzeVxB6dTmo,https://www.youtube.com/watch?v=YzeVxB6dTmo,Rep. Ritchie Torres,Ritchie Torres,T000486,UC332GOmhxGmHj3WRiHK4hFg,,
Z0GzZWPSejA,https://www.youtube.com/watch?v=Z0GzZWPSejA,Sen. Ruben Gallego,Ruben Gallego,G000574,UCxggVFesZy65a0WBT3_roXQ,,
Z0iA0AtqBHc,https://www.youtube.com/watch?v=Z0iA0AtqBHc,Sen. Ruben Gallego,Ruben Gallego,G000574,UCxggVFesZy65a0WBT3_roXQ,,
Z0zTAKRYYQs,https://www.youtube.com/watch?v=Z0zTAKRYYQs,House Committee on Agriculture,House Committee on Agriculture,https://www.youtube.com/channel/UCWtWf-QUTnJ-UMP5ZNWVB5Q,UCWtWf-QUTnJ-UMP5ZNWVB5Q,,
ZCMLNgsntkI,https://www.youtube.com/watch?v=ZCMLNgsntkI,Rep. Auchincloss,Jake Auchincloss,A000148,UCLTp0xAT0gBrF8WReNliMwA,,
ZNIP1XU61r0,https://www.youtube.com/watch?v=ZNIP1XU61r0,Senator Michael Bennet,Michael F. Bennet,B001267,UCXB3cljpMwTyCUyLr2ZVLow,,
ZOLzoCqmm50,https://www.youtube.com/watch?v=ZOLzoCqmm50,Rep. Auchincloss,Jake Auchincloss,A000148,UCLTp0xAT0gBrF8WReNliMwA,,
ZPXVj1uYnb8,https://www.youtube.com/watch?v=ZPXVj1uYnb8,Sen. Mallory McMorrow,Stephen Mallory,M000084,UCUNrNIDIIoXI6W-TCj58HSg,,
ZTuVsjrJFq0,https://www.youtube.com/watch?v=ZTuVsjrJFq0,Rep. Auchincloss,Jake Auchincloss,A000148,UCLTp0xAT0gBrF8WReNliMwA,,
ZfZYXKoJ4Rc,https://www.youtube.com/watch?v=ZfZYXKoJ4Rc,House Committee on Agriculture,House Committee on Agriculture,https://www.youtube.com/channel/UCWtWf-QUTnJ-UMP5ZNWVB5Q,UCWtWf-QUTnJ-UMP5ZNWVB5Q,,
ZhJZTjYDN7g,https://www.youtube.com/watch?v=ZhJZTjYDN7g,Mahan for California,Mahan for California,https://www.youtube.com/channel/UCePbQz1iC9qgNcxtAwv3_zQ,UCePbQz1iC9qgNcxtAwv3_zQ,,
Zh_QtxBNklc,https://www.youtube.com/watch?v=Zh_QtxBNklc,Rep. Auchincloss,Jake Auchincloss,A000148,UCLTp0xAT0gBrF8WReNliMwA,,
ZhzCXYcnZ1s,https://www.youtube.com/watch?v=ZhzCXYcnZ1s,Congresswoman Mikie Sherrill,Eliakim Sherrill,S000351,UCt32kuHrxtXlv2JI5FDn0kg,,
ZlBERm1qADk,https://www.youtube.com/watch?v=ZlBERm1qADk,Mary Peltola,Mary Sattler Peltola,P000619,UCXHT0c_Cqdvp6UAfXDxuGow,,
ZqSwXCeuBVY,https://www.youtube.com/watch?v=ZqSwXCeuBVY,Rep. Ritchie Torres,Ritchie Torres,T000486,UC332GOmhxGmHj3WRiHK4hFg,,
ZwxfQj7xYXE,https://www.youtube.com/watch?v=ZwxfQj7xYXE,Sen. Ruben Gallego,Ruben Gallego,G000574,UCxggVFesZy65a0WBT3_roXQ,,
_5_3ejVoVjE,https://www.youtube.com/watch?v=_5_3ejVoVjE,Rep. Ritchie Torres,Norma J. Torres,T000474,UC332GOmhxGmHj3WRiHK4hFg,,
_9i1MEKQPbA,https://www.youtube.com/watch?v=_9i1MEKQPbA,Sen. Elissa Slotkin,Elissa Slotkin,S001208,UCavPE_osOr5wM3QYUzfs95A,,
_EHPi5oRZtw,https://www.youtube.com/watch?v=_EHPi5oRZtw,Sen. Elissa Slotkin,Elissa Slotkin,S001208,UCavPE_osOr5wM3QYUzfs95A,,
_HX84d58Y8Y,https://www.youtube.com/watch?v=_HX84d58Y8Y,U.S. Congressman Brendan Boyle,Brendan F. Boyle,B001296,UCMP_Anj7lz4eZuSh8GwFqQQ,,
_JAgGYwxWn8,https://www.youtube.com/watch?v=_JAgGYwxWn8,James Talarico,James Talarico,https://www.youtube.com/channel/UCY0jKbBT2SdUo-hLgDwz5qg,UCY0jKbBT2SdUo-hLgDwz5qg,,
_RrhuTsiQuY,https://www.youtube.com/watch?v=_RrhuTsiQuY,Rep. Joe Neguse,Joe Neguse,N000191,UCukNKhsFrzM-LFtp43XPQtg,,
_VmHxSe4S7s,https://www.youtube.com/watch?v=_VmHxSe4S7s,Rep. Gabe Vasquez,Gabe Vasquez,V000136,UCYNflwnxykWBLTaNbuIFIqA,,
_XZ8TzVQwHc,https://www.youtube.com/watch?v=_XZ8TzVQwHc,Sen. Ruben Gallego,Ruben Gallego,G000574,UCxggVFesZy65a0WBT3_roXQ,,
_d9EBBCvCzQ,https://www.youtube.com/watch?v=_d9EBBCvCzQ,Rep. Auchincloss,Jake Auchincloss,A000148,UCLTp0xAT0gBrF8WReNliMwA,,
_dROkjgDGyU,https://www.youtube.com/watch?v=_dROkjgDGyU,House Committee on Agriculture,House Committee on Agriculture,https://www.youtube.com/channel/UCWtWf-QUTnJ-UMP5ZNWVB5Q,UCWtWf-QUTnJ-UMP5ZNWVB5Q,,
_i6FyZ3pvpY,https://www.youtube.com/watch?v=_i6FyZ3pvpY,Sen. Mallory McMorrow,Stephen Mallory,M000084,UCUNrNIDIIoXI6W-TCj58HSg,,
_iIOuA_4fgk,https://www.youtube.com/watch?v=_iIOuA_4fgk,Rep. Gabe Vasquez,Gabe Vasquez,V000136,UCYNflwnxykWBLTaNbuIFIqA,,
_loX6U9a16I,https://www.youtube.com/watch?v=_loX6U9a16I,Sen. Elissa Slotkin,Elissa Slotkin,S001208,UCavPE_osOr5wM3QYUzfs95A,,
_nV09-4DRr4,https://www.youtube.com/watch?v=_nV09-4DRr4,Mary Peltola,Mary Sattler Peltola,P000619,UCXHT0c_Cqdvp6UAfXDxuGow,,
_ol818lrfEY,https://www.youtube.com/watch?v=_ol818lrfEY,James Talarico,James Talarico,https://www.youtube.com/channel/UCY0jKbBT2SdUo-hLgDwz5qg,UCY0jKbBT2SdUo-hLgDwz5qg,,
_rL4MEforiY,https://www.youtube.com/watch?v=_rL4MEforiY,Rep. Marie Gluesenkamp Perez,Marie Gluesenkamp Perez,G000600,UCo4paf7SbVdHOi67ayp1DDg,,
_xZsOPXm-nQ,https://www.youtube.com/watch?v=_xZsOPXm-nQ,Sen. Elissa Slotkin,Elissa Slotkin,S001208,UCavPE_osOr5wM3QYUzfs95A,,
_zxNYsjcaZo,https://www.youtube.com/watch?v=_zxNYsjcaZo,Rep. Auchincloss,Jake Auchincloss,A000148,UCLTp0xAT0gBrF8WReNliMwA,,
a-ftEpoiJ-U,https://www.youtube.com/watch?v=a-ftEpoiJ-U,Congresswoman Mikie Sherrill,Eliakim Sherrill,S000351,UCt32kuHrxtXlv2JI5FDn0kg,,
a-tTGS_ogzc,https://www.youtube.com/watch?v=a-tTGS_ogzc,Rep. Auchincloss,Jake Auchincloss,A000148,UCLTp0xAT0gBrF8WReNliMwA,,
a56zdXhDvm4,https://www.youtube.com/watch?v=a56zdXhDvm4,House Committee on Agriculture,House Committee on Agriculture,https://www.youtube.com/channel/UCWtWf-QUTnJ-UMP5ZNWVB5Q,UCWtWf-QUTnJ-UMP5ZNWVB5Q,,
a7YDtVb-1SU,https://www.youtube.com/watch?v=a7YDtVb-1SU,Rep. Marie Gluesenkamp Perez,Marie Gluesenkamp Perez,G000600,UCo4paf7SbVdHOi67ayp1DDg,,
a8luZWPD1do,https://www.youtube.com/watch?v=a8luZWPD1do,Senator Michael Bennet,Michael F. Bennet,B001267,UCXB3cljpMwTyCUyLr2ZVLow,,
aDtbirucGHg,https://www.youtube.com/watch?v=aDtbirucGHg,Rep. Auchincloss,Jake Auchincloss,A000148,UCLTp0xAT0gBrF8WReNliMwA,,
aFS8bZgAIm4,https://www.youtube.com/watch?v=aFS8bZgAIm4,Senator Michael Bennet,Michael F. Bennet,B001267,UCXB3cljpMwTyCUyLr2ZVLow,,
aHkAtWDNesU,https://www.youtube.com/watch?v=aHkAtWDNesU,Sen. Elissa Slotkin,Elissa Slotkin,S001208,UCavPE_osOr5wM3QYUzfs95A,,
aHqXnrN3B2c,https://www.youtube.com/watch?v=aHqXnrN3B2c,U.S. Congressman Brendan Boyle,Brendan F. Boyle,B001296,UCMP_Anj7lz4eZuSh8GwFqQQ,,
aLwFHOR4Kis,https://www.youtube.com/watch?v=aLwFHOR4Kis,Sen. Mallory McMorrow,Stephen Mallory,M000084,UCUNrNIDIIoXI6W-TCj58HSg,,
aNO2yUk1pl4,https://www.youtube.com/watch?v=aNO2yUk1pl4,Senator Michael Bennet,Michael F. Bennet,B001267,UCXB3cljpMwTyCUyLr2ZVLow,,
aPhjJd1B3U8,https://www.youtube.com/watch?v=aPhjJd1B3U8,James Talarico,James Talarico,https://www.youtube.com/channel/UCY0jKbBT2SdUo-hLgDwz5qg,UCY0jKbBT2SdUo-hLgDwz5qg,,
aSyzB7zSHmA,https://www.youtube.com/watch?v=aSyzB7zSHmA,Senator Michael Bennet,Michael F. Bennet,B001267,UCXB3cljpMwTyCUyLr2ZVLow,,
aVSPbXJxC6M,https://www.youtube.com/watch?v=aVSPbXJxC6M,Rep. Auchincloss,Jake Auchincloss,A000148,UCLTp0xAT0gBrF8WReNliMwA,,
aWLqx_opS6g,https://www.youtube.com/watch?v=aWLqx_opS6g,Maggie Goodlander for Congress,Maggie Goodlander,G000604,UCmy6ACpOou_Vb74yIMSc7hg,,
aWsEXSY71vE,https://www.youtube.com/watch?v=aWsEXSY71vE,Sen. Elissa Slotkin,Elissa Slotkin,S001208,UCavPE_osOr5wM3QYUzfs95A,,
aZLmejEzscs,https://www.youtube.com/watch?v=aZLmejEzscs,Sen. Elissa Slotkin,Elissa Slotkin,S001208,UCavPE_osOr5wM3QYUzfs95A,,
aaknJyDQG8Q,https://www.youtube.com/watch?v=aaknJyDQG8Q,Rep. Auchincloss,Jake Auchincloss,A000148,UCLTp0xAT0gBrF8WReNliMwA,,
aao_kWSsJ7A,https://www.youtube.com/watch?v=aao_kWSsJ7A,Rep. Ritchie Torres,Ritchie Torres,T000486,UC332GOmhxGmHj3WRiHK4hFg,,
agylG5351LE,https://www.youtube.com/watch?v=agylG5351LE,Rep. Ritchie Torres,Ritchie Torres,T000486,UC332GOmhxGmHj3WRiHK4hFg,,
ahRKLGkLTdc,https://www.youtube.com/watch?v=ahRKLGkLTdc,Sen. Elissa Slotkin,Elissa Slotkin,S001208,UCavPE_osOr5wM3QYUzfs95A,,
ahrdL_mMK3Y,https://www.youtube.com/watch?v=ahrdL_mMK3Y,Sen. Ruben Gallego,Ruben Gallego,G000574,UCxggVFesZy65a0WBT3_roXQ,,
akIj2fRLXFk,https://www.youtube.com/watch?v=akIj2fRLXFk,Sen. Ruben Gallego,Ruben Gallego,G000574,UCxggVFesZy65a0WBT3_roXQ,,
aoacIc8wxlM,https://www.youtube.com/watch?v=aoacIc8wxlM,Rep. Ritchie Torres,Norma J. Torres,T000474,UC332GOmhxGmHj3WRiHK4hFg,,
aq2n5rkjSwM,https://www.youtube.com/watch?v=aq2n5rkjSwM,Abigail Spanberger for Governor,Abigail Davis Spanberger,S001209,UCxJTgExEfcqCdIj4SMJyqrQ,,
arFXe21xZyc,https://www.youtube.com/watch?v=arFXe21xZyc,Senator Michael Bennet,Michael F. Bennet,B001267,UCXB3cljpMwTyCUyLr2ZVLow,,
arpFYU1Rjf0,https://www.youtube.com/watch?v=arpFYU1Rjf0,James Talarico,James Talarico,https://www.youtube.com/channel/UCY0jKbBT2SdUo-hLgDwz5qg,UCY0jKbBT2SdUo-hLgDwz5qg,,
atC-uWQ1stU,https://www.youtube.com/watch?v=atC-uWQ1stU,Mahan for California,Mahan for California,https://www.youtube.com/channel/UCePbQz1iC9qgNcxtAwv3_zQ,UCePbQz1iC9qgNcxtAwv3_zQ,,
b52545931f85406d8954ab0ea1330f1d,https://www.youtube.com/watch?v=b52545931f85406d8954ab0ea1330f1d,,,,,,
b6xviRMtlgs,https://www.youtube.com/watch?v=b6xviRMtlgs,Senator Michael Bennet,Michael F. Bennet,B001267,UCXB3cljpMwTyCUyLr2ZVLow,,
b9hoBjavTP4,https://www.youtube.com/watch?v=b9hoBjavTP4,Rep. Auchincloss,Jake Auchincloss,A000148,UCLTp0xAT0gBrF8WReNliMwA,,
bAu9by3_vzU,https://www.youtube.com/watch?v=bAu9by3_vzU,Mary Peltola,Mary Sattler Peltola,P000619,UCXHT0c_Cqdvp6UAfXDxuGow,,
bKBzCeaYEGg,https://www.youtube.com/watch?v=bKBzCeaYEGg,Rep. Auchincloss,Jake Auchincloss,A000148,UCLTp0xAT0gBrF8WReNliMwA,,
bQSH-U8kKuI,https://www.youtube.com/watch?v=bQSH-U8kKuI,Sen. Elissa Slotkin,Elissa Slotkin,S001208,UCavPE_osOr5wM3QYUzfs95A,,
bSL-shzfrXY,https://www.youtube.com/watch?v=bSL-shzfrXY,Rep. Ritchie Torres,Norma J. Torres,T000474,UC332GOmhxGmHj3WRiHK4hFg,,
bWg_abH7ozA,https://www.youtube.com/watch?v=bWg_abH7ozA,Senator Michael Bennet,Michael F. Bennet,B001267,UCXB3cljpMwTyCUyLr2ZVLow,,
bWzF03fBwEk,https://www.youtube.com/watch?v=bWzF03fBwEk,Senator Michael Bennet,Michael F. Bennet,B001267,UCXB3cljpMwTyCUyLr2ZVLow,,
b_XJmRned00,https://www.youtube.com/watch?v=b_XJmRned00,Maggie Goodlander for Congress,Maggie Goodlander,G000604,UCmy6ACpOou_Vb74yIMSc7hg,,
blcvyJYjDcI,https://www.youtube.com/watch?v=blcvyJYjDcI,Senator Michael Bennet,Michael F. Bennet,B001267,UCXB3cljpMwTyCUyLr2ZVLow,,
bqxiL1xup1Q,https://www.youtube.com/watch?v=bqxiL1xup1Q,Rep. Auchincloss,Jake Auchincloss,A000148,UCLTp0xAT0gBrF8WReNliMwA,,
bswv2zSWUnA,https://www.youtube.com/watch?v=bswv2zSWUnA,Rep. Joe Neguse,Joe Neguse,N000191,UCukNKhsFrzM-LFtp43XPQtg,,
bywEU189Ugs,https://www.youtube.com/watch?v=bywEU189Ugs,U.S. Congressman Brendan Boyle,Brendan F. Boyle,B001296,UCMP_Anj7lz4eZuSh8GwFqQQ,,
c-EGdDWsrbk,https://www.youtube.com/watch?v=c-EGdDWsrbk,Sen. Ruben Gallego,Ruben Gallego,G000574,UCxggVFesZy65a0WBT3_roXQ,,
c2-yTt_rqPA,https://www.youtube.com/watch?v=c2-yTt_rqPA,U.S. Congressman Brendan Boyle,Brendan F. Boyle,B001296,UCMP_Anj7lz4eZuSh8GwFqQQ,,
c81BWl5AL4Y,https://www.youtube.com/watch?v=c81BWl5AL4Y,Rep. Marie Gluesenkamp Perez,Marie Gluesenkamp Perez,G000600,UCo4paf7SbVdHOi67ayp1DDg,,
c8_A85DKraQ,https://www.youtube.com/watch?v=c8_A85DKraQ,Congresswoman Sarah McBride,Sarah McBride,M001238,UCadfl-Ek-uH5SustAmPL40g,,
cCPFRyY7J9M,https://www.youtube.com/watch?v=cCPFRyY7J9M,Sen. Elissa Slotkin,Todd Young,Y000064,UCavPE_osOr5wM3QYUzfs95A,,
cERyrE0mWxw,https://www.youtube.com/watch?v=cERyrE0mWxw,Maggie Goodlander for Congress,Maggie Goodlander,G000604,UCmy6ACpOou_Vb74yIMSc7hg,,
cIjixzx-AH0,https://www.youtube.com/watch?v=cIjixzx-AH0,Sen. Ruben Gallego,Ruben Gallego,G000574,UCxggVFesZy65a0WBT3_roXQ,,
cKfd3oYtSVM,https://www.youtube.com/watch?v=cKfd3oYtSVM,Senator Michael Bennet,Michael F. Bennet,B001267,UCXB3cljpMwTyCUyLr2ZVLow,,
cY0YzFLeW-0,https://www.youtube.com/watch?v=cY0YzFLeW-0,Maggie Goodlander for Congress,Maggie Goodlander,G000604,UCmy6ACpOou_Vb74yIMSc7hg,,
cd7toPh0ZRI,https://www.youtube.com/watch?v=cd7toPh0ZRI,Mahan for California,Mahan for California,https://www.youtube.com/channel/UCePbQz1iC9qgNcxtAwv3_zQ,UCePbQz1iC9qgNcxtAwv3_zQ,,
ceHP65cY34w,https://www.youtube.com/watch?v=ceHP65cY34w,House Committee on Agriculture,House Committee on Agriculture,https://www.youtube.com/channel/UCWtWf-QUTnJ-UMP5ZNWVB5Q,UCWtWf-QUTnJ-UMP5ZNWVB5Q,,
chXXVPaV3kM,https://www.youtube.com/watch?v=chXXVPaV3kM,Mahan for California,Mahan for California,https://www.youtube.com/channel/UCePbQz1iC9qgNcxtAwv3_zQ,UCePbQz1iC9qgNcxtAwv3_zQ,,
ciASQiWtTQg,https://www.youtube.com/watch?v=ciASQiWtTQg,Rep. Ritchie Torres,Norma J. Torres,T000474,UC332GOmhxGmHj3WRiHK4hFg,,
cimzCTvTJlg,https://www.youtube.com/watch?v=cimzCTvTJlg,Mary Peltola,Mary Sattler Peltola,P000619,UCXHT0c_Cqdvp6UAfXDxuGow,,
csyGzpaRC4A,https://www.youtube.com/watch?v=csyGzpaRC4A,Congresswoman Sarah McBride,Sarah McBride,M001238,UCadfl-Ek-uH5SustAmPL40g,,
cvSA0DuugTg,https://www.youtube.com/watch?v=cvSA0DuugTg,U.S. Congressman Brendan Boyle,Brendan F. Boyle,B001296,UCMP_Anj7lz4eZuSh8GwFqQQ,,
czvDwwTTl7c,https://www.youtube.com/watch?v=czvDwwTTl7c,Rep. Auchincloss,Jake Auchincloss,A000148,UCLTp0xAT0gBrF8WReNliMwA,,
d5Bd5NbF32I,https://www.youtube.com/watch?v=d5Bd5NbF32I,Rep. Auchincloss,Jake Auchincloss,A000148,UCLTp0xAT0gBrF8WReNliMwA,,
dCOiEs9Ek6g,https://www.youtube.com/watch?v=dCOiEs9Ek6g,Senator Michael Bennet,Michael F. Bennet,B001267,UCXB3cljpMwTyCUyLr2ZVLow,,
dKM-aw4F7_g,https://www.youtube.com/watch?v=dKM-aw4F7_g,Sen. Ruben Gallego,Ruben Gallego,G000574,UCxggVFesZy65a0WBT3_roXQ,,
dLBqzclgK_w,https://www.youtube.com/watch?v=dLBqzclgK_w,Mary Peltola,Mary Sattler Peltola,P000619,UCXHT0c_Cqdvp6UAfXDxuGow,,
dPytZC9A4tE,https://www.youtube.com/watch?v=dPytZC9A4tE,Sen. Ruben Gallego,Ruben Gallego,G000574,UCxggVFesZy65a0WBT3_roXQ,,
dQoZ-D-7KUA,https://www.youtube.com/watch?v=dQoZ-D-7KUA,Senator Michael Bennet,Michael F. Bennet,B001267,UCXB3cljpMwTyCUyLr2ZVLow,,
dS5Qn4gbwoo,https://www.youtube.com/watch?v=dS5Qn4gbwoo,Congresswoman Sarah McBride,Sarah McBride,M001238,UCadfl-Ek-uH5SustAmPL40g,,
dZ3XCzvj5ng,https://www.youtube.com/watch?v=dZ3XCzvj5ng,Sen. Elissa Slotkin,Elissa Slotkin,S001208,UCavPE_osOr5wM3QYUzfs95A,,
d_RSua9J_Ek,https://www.youtube.com/watch?v=d_RSua9J_Ek,Rep. Joe Neguse,Joe Neguse,N000191,UCukNKhsFrzM-LFtp43XPQtg,,
da3dzZYgiCc,https://www.youtube.com/watch?v=da3dzZYgiCc,Senator Michael Bennet,Michael F. Bennet,B001267,UCXB3cljpMwTyCUyLr2ZVLow,,
daK1uZMnZvI,https://www.youtube.com/watch?v=daK1uZMnZvI,Senator Michael Bennet,Michael F. Bennet,B001267,UCXB3cljpMwTyCUyLr2ZVLow,,
dbl2zI5hDoE,https://www.youtube.com/watch?v=dbl2zI5hDoE,Rep. Ritchie Torres,Norma J. Torres,T000474,UC332GOmhxGmHj3WRiHK4hFg,,
dcUqfwWuEsQ,https://www.youtube.com/watch?v=dcUqfwWuEsQ,Sen. Elissa Slotkin,Elissa Slotkin,S001208,UCavPE_osOr5wM3QYUzfs95A,,
deHFS1IAFms,https://www.youtube.com/watch?v=deHFS1IAFms,Senator Michael Bennet,Michael F. Bennet,B001267,UCXB3cljpMwTyCUyLr2ZVLow,,
dk0djtjvCWk,https://www.youtube.com/watch?v=dk0djtjvCWk,Rep. Joe Neguse,Joe Neguse,N000191,UCukNKhsFrzM-LFtp43XPQtg,,
duO3jqJeBGc,https://www.youtube.com/watch?v=duO3jqJeBGc,Sen. Elissa Slotkin,Elissa Slotkin,S001208,UCavPE_osOr5wM3QYUzfs95A,,
dv1_rxh7L2A,https://www.youtube.com/watch?v=dv1_rxh7L2A,Sen. Elissa Slotkin,Elissa Slotkin,S001208,UCavPE_osOr5wM3QYUzfs95A,,
dyHZ8z2yZN0,https://www.youtube.com/watch?v=dyHZ8z2yZN0,Mary Peltola,Mary Sattler Peltola,P000619,UCXHT0c_Cqdvp6UAfXDxuGow,,
e-S5eKzxC2E,https://www.youtube.com/watch?v=e-S5eKzxC2E,Sen. Elissa Slotkin,Elissa Slotkin,S001208,UCavPE_osOr5wM3QYUzfs95A,,
e1-G9msPjXQ,https://www.youtube.com/watch?v=e1-G9msPjXQ,Sen. Elissa Slotkin,Elissa Slotkin,S001208,UCavPE_osOr5wM3QYUzfs95A,,
e88FHrAwngA,https://www.youtube.com/watch?v=e88FHrAwngA,Mary Peltola,Mary Sattler Peltola,P000619,UCXHT0c_Cqdvp6UAfXDxuGow,,
eBkMWrzlplM,https://www.youtube.com/watch?v=eBkMWrzlplM,Rep. Ritchie Torres,Ritchie Torres,T000486,UC332GOmhxGmHj3WRiHK4hFg,,
eIRTFQFYUxc,https://www.youtube.com/watch?v=eIRTFQFYUxc,Sen. Elissa Slotkin,Elissa Slotkin,S001208,UCavPE_osOr5wM3QYUzfs95A,,
eM-6RNbdPXs,https://www.youtube.com/watch?v=eM-6RNbdPXs,Sen. Mallory McMorrow,Stephen Mallory,M000084,UCUNrNIDIIoXI6W-TCj58HSg,,
eMKWE77K5Z8,https://www.youtube.com/watch?v=eMKWE77K5Z8,Senator Michael Bennet,Michael F. Bennet,B001267,UCXB3cljpMwTyCUyLr2ZVLow,,
eOQ6Yem43UQ,https://www.youtube.com/watch?v=eOQ6Yem43UQ,Senator Michael Bennet,Michael F. Bennet,B001267,UCXB3cljpMwTyCUyLr2ZVLow,,
eR0B14dGRJM,https://www.youtube.com/watch?v=eR0B14dGRJM,Rep. George Whitesides,George Whitesides,W000830,UCi0_78hGEjLd1EGuie6quKg,,
e_BjzVHR8Eg,https://www.youtube.com/watch?v=e_BjzVHR8Eg,Senator Michael Bennet,Michael F. Bennet,B001267,UCXB3cljpMwTyCUyLr2ZVLow,,
eaP1M3NdNqw,https://www.youtube.com/watch?v=eaP1M3NdNqw,U.S. Congressman Brendan Boyle,Brendan F. Boyle,B001296,UCMP_Anj7lz4eZuSh8GwFqQQ,,
eaUIm5YiaFc,https://www.youtube.com/watch?v=eaUIm5YiaFc,Senator Michael Bennet,Michael F. Bennet,B001267,UCXB3cljpMwTyCUyLr2ZVLow,,
en2ZDLAoDZQ,https://www.youtube.com/watch?v=en2ZDLAoDZQ,Rep. Ritchie Torres,Ritchie Torres,T000486,UC332GOmhxGmHj3WRiHK4hFg,,
eufgIxzEX4o,https://www.youtube.com/watch?v=eufgIxzEX4o,Mary Peltola,Mary Sattler Peltola,P000619,UCXHT0c_Cqdvp6UAfXDxuGow,,
euiFPXz2r1k,https://www.youtube.com/watch?v=euiFPXz2r1k,Rep. Marie Gluesenkamp Perez,Marie Gluesenkamp Perez,G000600,UCo4paf7SbVdHOi67ayp1DDg,,
evkU2AO-Kew,https://www.youtube.com/watch?v=evkU2AO-Kew,Senator Michael Bennet,Michael F. Bennet,B001267,UCXB3cljpMwTyCUyLr2ZVLow,,
ewW8DfaskxQ,https://www.youtube.com/watch?v=ewW8DfaskxQ,Senator Michael Bennet,Michael F. Bennet,B001267,UCXB3cljpMwTyCUyLr2ZVLow,,
ewhpxq27mE8,https://www.youtube.com/watch?v=ewhpxq27mE8,Maggie Goodlander for Congress,Maggie Goodlander,G000604,UCmy6ACpOou_Vb74yIMSc7hg,,
ey1T2JxYEQk,https://www.youtube.com/watch?v=ey1T2JxYEQk,Rep. Auchincloss,Jake Auchincloss,A000148,UCLTp0xAT0gBrF8WReNliMwA,,
f3qBPCJB7us,https://www.youtube.com/watch?v=f3qBPCJB7us,Congresswoman Sarah McBride,Sarah McBride,M001238,UCadfl-Ek-uH5SustAmPL40g,,
fGT6FCGZWUg,https://www.youtube.com/watch?v=fGT6FCGZWUg,James Talarico,James Talarico,https://www.youtube.com/channel/UCY0jKbBT2SdUo-hLgDwz5qg,UCY0jKbBT2SdUo-hLgDwz5qg,,
fHScllaaDKc,https://www.youtube.com/watch?v=fHScllaaDKc,Jeff Jackson,Jeff Jackson,J000308,UCMS_OsMEOc1s9hlwRvQyahg,,
fKrpaCdEz6U,https://www.youtube.com/watch?v=fKrpaCdEz6U,Mahan for California,Mahan for California,https://www.youtube.com/channel/UCePbQz1iC9qgNcxtAwv3_zQ,UCePbQz1iC9qgNcxtAwv3_zQ,,
fLWBGRHQeEg,https://www.youtube.com/watch?v=fLWBGRHQeEg,Rep. Joe Neguse,Joe Neguse,N000191,UCukNKhsFrzM-LFtp43XPQtg,,
fSHUq_DHLz0,https://www.youtube.com/watch?v=fSHUq_DHLz0,Rep. Joe Neguse,Joe Neguse,N000191,UCukNKhsFrzM-LFtp43XPQtg,,
fVtCJGKdi8k,https://www.youtube.com/watch?v=fVtCJGKdi8k,Mahan for California,Jimmy Panetta,P000613,UCePbQz1iC9qgNcxtAwv3_zQ,,
fW1sPqjnoQQ,https://www.youtube.com/watch?v=fW1sPqjnoQQ,Rep. George Whitesides,George Whitesides,W000830,UCi0_78hGEjLd1EGuie6quKg,,
fZxvwQGDoNY,https://www.youtube.com/watch?v=fZxvwQGDoNY,Angie Craig,Angie Craig,C001119,UCIQeh8zK8g51o9pNGGglHVA,,
fbqIDeY75hk,https://www.youtube.com/watch?v=fbqIDeY75hk,Maggie Goodlander for Congress,Maggie Goodlander,G000604,UCmy6ACpOou_Vb74yIMSc7hg,,
fe1e5183924a4f7b855935f27337b184,https://www.youtube.com/watch?v=fe1e5183924a4f7b855935f27337b184,,,,,,
fjr-foEESkw,https://www.youtube.com/watch?v=fjr-foEESkw,Abigail Spanberger for Governor,Abigail Davis Spanberger,S001209,UCxJTgExEfcqCdIj4SMJyqrQ,,
fmwRYM_TdPk,https://www.youtube.com/watch?v=fmwRYM_TdPk,Senator Michael Bennet,Michael F. Bennet,B001267,UCXB3cljpMwTyCUyLr2ZVLow,,
fp7RVm6_viQ,https://www.youtube.com/watch?v=fp7RVm6_viQ,Rep. Joe Neguse,Joe Neguse,N000191,UCukNKhsFrzM-LFtp43XPQtg,,
fqaTtkG_yI4,https://www.youtube.com/watch?v=fqaTtkG_yI4,Senator Michael Bennet,Michael F. Bennet,B001267,UCXB3cljpMwTyCUyLr2ZVLow,,
fwHS4vDWrNQ,https://www.youtube.com/watch?v=fwHS4vDWrNQ,Abigail Spanberger for Governor,Dave Brat,B001290,UCxJTgExEfcqCdIj4SMJyqrQ,,
g0pFlkUs27I,https://www.youtube.com/watch?v=g0pFlkUs27I,Rep. Marie Gluesenkamp Perez,Marie Gluesenkamp Perez,G000600,UCo4paf7SbVdHOi67ayp1DDg,,
g6gxGtXbvds,https://www.youtube.com/watch?v=g6gxGtXbvds,Sen. Mallory McMorrow,Stephen Mallory,M000084,UCUNrNIDIIoXI6W-TCj58HSg,,
gA-t27Swrjk,https://www.youtube.com/watch?v=gA-t27Swrjk,House Committee on Agriculture,House Committee on Agriculture,https://www.youtube.com/channel/UCWtWf-QUTnJ-UMP5ZNWVB5Q,UCWtWf-QUTnJ-UMP5ZNWVB5Q,,
gAQQxnopbkk,https://www.youtube.com/watch?v=gAQQxnopbkk,Mary Peltola,Mary Sattler Peltola,P000619,UCXHT0c_Cqdvp6UAfXDxuGow,,
gAUvJBE3UqA,https://www.youtube.com/watch?v=gAUvJBE3UqA,Rep. Marie Gluesenkamp Perez,Marie Gluesenkamp Perez,G000600,UCo4paf7SbVdHOi67ayp1DDg,,
gGiN_6L6bGs,https://www.youtube.com/watch?v=gGiN_6L6bGs,Sen. Elissa Slotkin,Elissa Slotkin,S001208,UCavPE_osOr5wM3QYUzfs95A,,
gLgaQZrBKmA,https://www.youtube.com/watch?v=gLgaQZrBKmA,House Committee on Agriculture,House Committee on Agriculture,https://www.youtube.com/channel/UCWtWf-QUTnJ-UMP5ZNWVB5Q,UCWtWf-QUTnJ-UMP5ZNWVB5Q,,
gWkJSVHkikE,https://www.youtube.com/watch?v=gWkJSVHkikE,Rep. Gabe Vasquez,Gabe Vasquez,V000136,UCYNflwnxykWBLTaNbuIFIqA,,
g_UmXlk6_U0,https://www.youtube.com/watch?v=g_UmXlk6_U0,Congresswoman Sarah McBride,Sarah McBride,M001238,UCadfl-Ek-uH5SustAmPL40g,,
gc7QpPdRPXU,https://www.youtube.com/watch?v=gc7QpPdRPXU,Angie Craig,Angie Craig,C001119,UCIQeh8zK8g51o9pNGGglHVA,,
gfP7hKN5QBI,https://www.youtube.com/watch?v=gfP7hKN5QBI,Sen. Elissa Slotkin,Elissa Slotkin,S001208,UCavPE_osOr5wM3QYUzfs95A,,
gffwebRaFvY,https://www.youtube.com/watch?v=gffwebRaFvY,Rep. Ritchie Torres,Ritchie Torres,T000486,UC332GOmhxGmHj3WRiHK4hFg,,
gh7LPJEOV-w,https://www.youtube.com/watch?v=gh7LPJEOV-w,U.S. Congressman Brendan Boyle,Brendan F. Boyle,B001296,UCMP_Anj7lz4eZuSh8GwFqQQ,,
gj7gI-AGzqM,https://www.youtube.com/watch?v=gj7gI-AGzqM,Rep. Ritchie Torres,Ritchie Torres,T000486,UC332GOmhxGmHj3WRiHK4hFg,,
gqCYIXdfl0A,https://www.youtube.com/watch?v=gqCYIXdfl0A,Rep. Auchincloss,Jake Auchincloss,A000148,UCLTp0xAT0gBrF8WReNliMwA,,
grXLdIyeAgQ,https://www.youtube.com/watch?v=grXLdIyeAgQ,Rep. Auchincloss,Jake Auchincloss,A000148,UCLTp0xAT0gBrF8WReNliMwA,,
h-wWRS7OmYA,https://www.youtube.com/watch?v=h-wWRS7OmYA,Rep. Ritchie Torres,Ritchie Torres,T000486,UC332GOmhxGmHj3WRiHK4hFg,,
h-z5774arTY,https://www.youtube.com/watch?v=h-z5774arTY,Rep. Auchincloss,Jake Auchincloss,A000148,UCLTp0xAT0gBrF8WReNliMwA,,
h28D7q-ClYU,https://www.youtube.com/watch?v=h28D7q-ClYU,Sen. Elissa Slotkin,Elissa Slotkin,S001208,UCavPE_osOr5wM3QYUzfs95A,,
h2srGPfKeKA,https://www.youtube.com/watch?v=h2srGPfKeKA,Sen. Ruben Gallego,Ruben Gallego,G000574,UCxggVFesZy65a0WBT3_roXQ,,
h4IySDLi3Bg,https://www.youtube.com/watch?v=h4IySDLi3Bg,Rep. Marie Gluesenkamp Perez,Marie Gluesenkamp Perez,G000600,UCo4paf7SbVdHOi67ayp1DDg,,
h5GEfMN_SAI,https://www.youtube.com/watch?v=h5GEfMN_SAI,Mahan for California,Mahan for California,https://www.youtube.com/channel/UCePbQz1iC9qgNcxtAwv3_zQ,UCePbQz1iC9qgNcxtAwv3_zQ,,
h97O85hMzj0,https://www.youtube.com/watch?v=h97O85hMzj0,Rep. Joe Neguse,Joe Neguse,N000191,UCukNKhsFrzM-LFtp43XPQtg,,
hEfeaCCtAzU,https://www.youtube.com/watch?v=hEfeaCCtAzU,Mahan for California,Mahan for California,https://www.youtube.com/channel/UCePbQz1iC9qgNcxtAwv3_zQ,UCePbQz1iC9qgNcxtAwv3_zQ,,
hHsmWZNNE0Y,https://www.youtube.com/watch?v=hHsmWZNNE0Y,Rep. Joe Neguse,Joe Neguse,N000191,UCukNKhsFrzM-LFtp43XPQtg,,
hKUaGS8YLLY,https://www.youtube.com/watch?v=hKUaGS8YLLY,Sen. Mallory McMorrow,Stephen Mallory,M000084,UCUNrNIDIIoXI6W-TCj58HSg,,
hMctti53X-Q,https://www.youtube.com/watch?v=hMctti53X-Q,Rep. Ritchie Torres,Norma J. Torres,T000474,UC332GOmhxGmHj3WRiHK4hFg,,
hO4FXK51D04,https://www.youtube.com/watch?v=hO4FXK51D04,Rep. Ritchie Torres,Ritchie Torres,T000486,UC332GOmhxGmHj3WRiHK4hFg,,
hQnP0xLhPHs,https://www.youtube.com/watch?v=hQnP0xLhPHs,Rep. Auchincloss,Jake Auchincloss,A000148,UCLTp0xAT0gBrF8WReNliMwA,,
hQwiDbvTGhk,https://www.youtube.com/watch?v=hQwiDbvTGhk,U.S. Congressman Brendan Boyle,Brendan F. Boyle,B001296,UCMP_Anj7lz4eZuSh8GwFqQQ,,
hTHGDtMrYZc,https://www.youtube.com/watch?v=hTHGDtMrYZc,Sen. Elissa Slotkin,Elissa Slotkin,S001208,UCavPE_osOr5wM3QYUzfs95A,,
hZvqhb3Ue9E,https://www.youtube.com/watch?v=hZvqhb3Ue9E,James Talarico,James Talarico,https://www.youtube.com/channel/UCY0jKbBT2SdUo-hLgDwz5qg,UCY0jKbBT2SdUo-hLgDwz5qg,,
h_rAvycKZYk,https://www.youtube.com/watch?v=h_rAvycKZYk,Rep. Joe Neguse,Joe Neguse,N000191,UCukNKhsFrzM-LFtp43XPQtg,,
hdHakhsBUGg,https://www.youtube.com/watch?v=hdHakhsBUGg,Sen. Mallory McMorrow,Stephen Mallory,M000084,UCUNrNIDIIoXI6W-TCj58HSg,,
hh_Ks3zz0I4,https://www.youtube.com/watch?v=hh_Ks3zz0I4,Sen. Elissa Slotkin,Elissa Slotkin,S001208,UCavPE_osOr5wM3QYUzfs95A,,
hk9Bc2UETpo,https://www.youtube.com/watch?v=hk9Bc2UETpo,Sen. Elissa Slotkin,Elissa Slotkin,S001208,UCavPE_osOr5wM3QYUzfs95A,,
hngtwT9xnpo,https://www.youtube.com/watch?v=hngtwT9xnpo,Rep. Ritchie Torres,Ritchie Torres,T000486,UC332GOmhxGmHj3WRiHK4hFg,,
hokKrjvUbho,https://www.youtube.com/watch?v=hokKrjvUbho,Sen. Elissa Slotkin,Elissa Slotkin,S001208,UCavPE_osOr5wM3QYUzfs95A,,
hv1V9UjYExI,https://www.youtube.com/watch?v=hv1V9UjYExI,Rep. Marie Gluesenkamp Perez,Marie Gluesenkamp Perez,G000600,UCo4paf7SbVdHOi67ayp1DDg,,
hw3_YaCMSJY,https://www.youtube.com/watch?v=hw3_YaCMSJY,House Committee on Agriculture,House Committee on Agriculture,https://www.youtube.com/channel/UCWtWf-QUTnJ-UMP5ZNWVB5Q,UCWtWf-QUTnJ-UMP5ZNWVB5Q,,
i-d4aPv0ei0,https://www.youtube.com/watch?v=i-d4aPv0ei0,Rep. Gabe Vasquez,Gabe Vasquez,V000136,UCYNflwnxykWBLTaNbuIFIqA,,
i0UElCtu30s,https://www.youtube.com/watch?v=i0UElCtu30s,James Talarico,James Talarico,https://www.youtube.com/channel/UCY0jKbBT2SdUo-hLgDwz5qg,UCY0jKbBT2SdUo-hLgDwz5qg,,
i7IsA_VXho4,https://www.youtube.com/watch?v=i7IsA_VXho4,Rep. Marie Gluesenkamp Perez,Marie Gluesenkamp Perez,G000600,UCo4paf7SbVdHOi67ayp1DDg,,
iC2DknwbY0s,https://www.youtube.com/watch?v=iC2DknwbY0s,Rep. Joe Neguse,Joe Neguse,N000191,UCukNKhsFrzM-LFtp43XPQtg,,
iGBEW9ER-VE,https://www.youtube.com/watch?v=iGBEW9ER-VE,Sen. Elissa Slotkin,Elissa Slotkin,S001208,UCavPE_osOr5wM3QYUzfs95A,,
iIt54WbzaeQ,https://www.youtube.com/watch?v=iIt54WbzaeQ,Senator Michael Bennet,Michael F. Bennet,B001267,UCXB3cljpMwTyCUyLr2ZVLow,,
iJTmRGKoe9g,https://www.youtube.com/watch?v=iJTmRGKoe9g,Senator Michael Bennet,Michael F. Bennet,B001267,UCXB3cljpMwTyCUyLr2ZVLow,,
iLAexTX4A9c,https://www.youtube.com/watch?v=iLAexTX4A9c,Sen. Elissa Slotkin,Elissa Slotkin,S001208,UCavPE_osOr5wM3QYUzfs95A,,
iLQ1DnY239Y,https://www.youtube.com/watch?v=iLQ1DnY239Y,James Talarico,James Talarico,https://www.youtube.com/channel/UCY0jKbBT2SdUo-hLgDwz5qg,UCY0jKbBT2SdUo-hLgDwz5qg,,
iM2HxUNUhX0,https://www.youtube.com/watch?v=iM2HxUNUhX0,Congresswoman Sarah McBride,Sarah McBride,M001238,UCadfl-Ek-uH5SustAmPL40g,,
iO88hUMHlHQ,https://www.youtube.com/watch?v=iO88hUMHlHQ,Sen. Mallory McMorrow,Stephen Mallory,M000084,UCUNrNIDIIoXI6W-TCj58HSg,,
iRiKVqS7AS0,https://www.youtube.com/watch?v=iRiKVqS7AS0,Senator Michael Bennet,Michael F. Bennet,B001267,UCXB3cljpMwTyCUyLr2ZVLow,,
iWfPPjpfYLA,https://www.youtube.com/watch?v=iWfPPjpfYLA,Abigail Spanberger for Governor,Abigail Davis Spanberger,S001209,UCxJTgExEfcqCdIj4SMJyqrQ,,
i_zRx2U96ig,https://www.youtube.com/watch?v=i_zRx2U96ig,Rep. Joe Neguse,Joe Neguse,N000191,UCukNKhsFrzM-LFtp43XPQtg,,
ikaZuzdDDiY,https://www.youtube.com/watch?v=ikaZuzdDDiY,Rep. Auchincloss,Jake Auchincloss,A000148,UCLTp0xAT0gBrF8WReNliMwA,,
ipWbHCjGOWM,https://www.youtube.com/watch?v=ipWbHCjGOWM,Maggie Goodlander for Congress,Maggie Goodlander,G000604,UCmy6ACpOou_Vb74yIMSc7hg,,
iqLhbsgDiFY,https://www.youtube.com/watch?v=iqLhbsgDiFY,James Talarico,James Talarico,https://www.youtube.com/channel/UCY0jKbBT2SdUo-hLgDwz5qg,UCY0jKbBT2SdUo-hLgDwz5qg,,
j-3Gq0zA1c8,https://www.youtube.com/watch?v=j-3Gq0zA1c8,Rep. Joe Neguse,Joe Neguse,N000191,UCukNKhsFrzM-LFtp43XPQtg,,
j5A1g6tf2ug,https://www.youtube.com/watch?v=j5A1g6tf2ug,Rep. Marie Gluesenkamp Perez,Marie Gluesenkamp Perez,G000600,UCo4paf7SbVdHOi67ayp1DDg,,
j6yrens7enM,https://www.youtube.com/watch?v=j6yrens7enM,U.S. Congressman Brendan Boyle,Brendan F. Boyle,B001296,UCMP_Anj7lz4eZuSh8GwFqQQ,,
jA75Nz9SFh4,https://www.youtube.com/watch?v=jA75Nz9SFh4,Congresswoman Sarah McBride,Sarah McBride,M001238,UCadfl-Ek-uH5SustAmPL40g,,
jGroiurd0K8,https://www.youtube.com/watch?v=jGroiurd0K8,Sen. Elissa Slotkin,Elissa Slotkin,S001208,UCavPE_osOr5wM3QYUzfs95A,,
jJP1RhlOIjE,https://www.youtube.com/watch?v=jJP1RhlOIjE,Sen. Elissa Slotkin,Elissa Slotkin,S001208,UCavPE_osOr5wM3QYUzfs95A,,
jKHVJ7Bsvys,https://www.youtube.com/watch?v=jKHVJ7Bsvys,Rep. Joe Neguse,Joe Neguse,N000191,UCukNKhsFrzM-LFtp43XPQtg,,
jL-43hB9QPE,https://www.youtube.com/watch?v=jL-43hB9QPE,Senator Michael Bennet,Michael F. Bennet,B001267,UCXB3cljpMwTyCUyLr2ZVLow,,
jW0fKto5UkE,https://www.youtube.com/watch?v=jW0fKto5UkE,Rep. Joe Neguse,Joe Neguse,N000191,UCukNKhsFrzM-LFtp43XPQtg,,
jZAY2iAWwrw,https://www.youtube.com/watch?v=jZAY2iAWwrw,Sen. Ruben Gallego,Ruben Gallego,G000574,UCxggVFesZy65a0WBT3_roXQ,,
j_CY__ZhaXI,https://www.youtube.com/watch?v=j_CY__ZhaXI,Jeff Jackson,Jeff Jackson,J000308,UCMS_OsMEOc1s9hlwRvQyahg,,
ja0EQgKfJuk,https://www.youtube.com/watch?v=ja0EQgKfJuk,U.S. Congressman Brendan Boyle,Brendan F. Boyle,B001296,UCMP_Anj7lz4eZuSh8GwFqQQ,,
jeQcIB1B30I,https://www.youtube.com/watch?v=jeQcIB1B30I,Senator Michael Bennet,Michael F. Bennet,B001267,UCXB3cljpMwTyCUyLr2ZVLow,,
jfecr1txk6s,https://www.youtube.com/watch?v=jfecr1txk6s,Mahan for California,Mahan for California,https://www.youtube.com/channel/UCePbQz1iC9qgNcxtAwv3_zQ,UCePbQz1iC9qgNcxtAwv3_zQ,,
jhvowBxN0z8,https://www.youtube.com/watch?v=jhvowBxN0z8,Senator Michael Bennet,Michael F. Bennet,B001267,UCXB3cljpMwTyCUyLr2ZVLow,,
jwSDEiL-vFM,https://www.youtube.com/watch?v=jwSDEiL-vFM,U.S. Congressman Brendan Boyle,Brendan F. Boyle,B001296,UCMP_Anj7lz4eZuSh8GwFqQQ,,
jx5wAh3FVbY,https://www.youtube.com/watch?v=jx5wAh3FVbY,Sen. Mallory McMorrow,Stephen Mallory,M000084,UCUNrNIDIIoXI6W-TCj58HSg,,
jykBzqYgSqM,https://www.youtube.com/watch?v=jykBzqYgSqM,Sen. Elissa Slotkin,Elissa Slotkin,S001208,UCavPE_osOr5wM3QYUzfs95A,,
k1GILv5mh1g,https://www.youtube.com/watch?v=k1GILv5mh1g,Rep. Marie Gluesenkamp Perez,Marie Gluesenkamp Perez,G000600,UCo4paf7SbVdHOi67ayp1DDg,,
k2gFtk-TtoI,https://www.youtube.com/watch?v=k2gFtk-TtoI,Senator Michael Bennet,Michael F. Bennet,B001267,UCXB3cljpMwTyCUyLr2ZVLow,,
k3nX9rxsdtE,https://www.youtube.com/watch?v=k3nX9rxsdtE,Senator Michael Bennet,Michael F. Bennet,B001267,UCXB3cljpMwTyCUyLr2ZVLow,,
k9te_ugLlpw,https://www.youtube.com/watch?v=k9te_ugLlpw,Sen. Ruben Gallego,Ruben Gallego,G000574,UCxggVFesZy65a0WBT3_roXQ,,
k9wlIe1ZNfQ,https://www.youtube.com/watch?v=k9wlIe1ZNfQ,Sen. Elissa Slotkin,Elissa Slotkin,S001208,UCavPE_osOr5wM3QYUzfs95A,,
kB2XzggBtl0,https://www.youtube.com/watch?v=kB2XzggBtl0,Rep. Ritchie Torres,Ritchie Torres,T000486,UC332GOmhxGmHj3WRiHK4hFg,,
kIacRSi-Cok,https://www.youtube.com/watch?v=kIacRSi-Cok,Sen. Ruben Gallego,Ruben Gallego,G000574,UCxggVFesZy65a0WBT3_roXQ,,
kN4HAk6vTZA,https://www.youtube.com/watch?v=kN4HAk6vTZA,Sen. Elissa Slotkin,Elissa Slotkin,S001208,UCavPE_osOr5wM3QYUzfs95A,,
kN_f6mVac3A,https://www.youtube.com/watch?v=kN_f6mVac3A,Mary Peltola,Mary Sattler Peltola,P000619,UCXHT0c_Cqdvp6UAfXDxuGow,,
kUOpiaSu0ec,https://www.youtube.com/watch?v=kUOpiaSu0ec,Sen. Ruben Gallego,Ruben Gallego,G000574,UCxggVFesZy65a0WBT3_roXQ,,
kY7mBfrIEKg,https://www.youtube.com/watch?v=kY7mBfrIEKg,Rep. Auchincloss,Jake Auchincloss,A000148,UCLTp0xAT0gBrF8WReNliMwA,,
ka86mvYEldQ,https://www.youtube.com/watch?v=ka86mvYEldQ,Senator Michael Bennet,Michael F. Bennet,B001267,UCXB3cljpMwTyCUyLr2ZVLow,,
kgruojKi2s8,https://www.youtube.com/watch?v=kgruojKi2s8,Sen. Elissa Slotkin,Elissa Slotkin,S001208,UCavPE_osOr5wM3QYUzfs95A,,
kjVuf09ohY8,https://www.youtube.com/watch?v=kjVuf09ohY8,Sen. Elissa Slotkin,Elissa Slotkin,S001208,UCavPE_osOr5wM3QYUzfs95A,,
klp2apyH-ww,https://www.youtube.com/watch?v=klp2apyH-ww,Rep. Joe Neguse,Joe Neguse,N000191,UCukNKhsFrzM-LFtp43XPQtg,,
kmK92SiK8hs,https://www.youtube.com/watch?v=kmK92SiK8hs,Senator Michael Bennet,Michael F. Bennet,B001267,UCXB3cljpMwTyCUyLr2ZVLow,,
kpIauZKxdDs,https://www.youtube.com/watch?v=kpIauZKxdDs,U.S. Congressman Brendan Boyle,Brendan F. Boyle,B001296,UCMP_Anj7lz4eZuSh8GwFqQQ,,
kqCHlVUMduw,https://www.youtube.com/watch?v=kqCHlVUMduw,Sen. Ruben Gallego,Ruben Gallego,G000574,UCxggVFesZy65a0WBT3_roXQ,,
kwuHxVn0pYA,https://www.youtube.com/watch?v=kwuHxVn0pYA,Rep. Marie Gluesenkamp Perez,Marie Gluesenkamp Perez,G000600,UCo4paf7SbVdHOi67ayp1DDg,,
l2laitYVITo,https://www.youtube.com/watch?v=l2laitYVITo,James Talarico,James Talarico,https://www.youtube.com/channel/UCY0jKbBT2SdUo-hLgDwz5qg,UCY0jKbBT2SdUo-hLgDwz5qg,,
l7umaCj48yI,https://www.youtube.com/watch?v=l7umaCj48yI,Rep. Joe Neguse,Joe Neguse,N000191,UCukNKhsFrzM-LFtp43XPQtg,,
lBc-v3HWfuk,https://www.youtube.com/watch?v=lBc-v3HWfuk,Rep. Auchincloss,Jake Auchincloss,A000148,UCLTp0xAT0gBrF8WReNliMwA,,
lCosSi_nI7M,https://www.youtube.com/watch?v=lCosSi_nI7M,Senator Michael Bennet,Michael F. Bennet,B001267,UCXB3cljpMwTyCUyLr2ZVLow,,
lGTtk7_XTl0,https://www.youtube.com/watch?v=lGTtk7_XTl0,Rep. Marie Gluesenkamp Perez,Marie Gluesenkamp Perez,G000600,UCo4paf7SbVdHOi67ayp1DDg,,
lGj3PJT4vSw,https://www.youtube.com/watch?v=lGj3PJT4vSw,Senator Michael Bennet,Michael F. Bennet,B001267,UCXB3cljpMwTyCUyLr2ZVLow,,
lIJAphZqyD0,https://www.youtube.com/watch?v=lIJAphZqyD0,Sen. Elissa Slotkin,Elissa Slotkin,S001208,UCavPE_osOr5wM3QYUzfs95A,,
lJCDTnwZIDk,https://www.youtube.com/watch?v=lJCDTnwZIDk,Congresswoman Sarah McBride,Sarah McBride,M001238,UCadfl-Ek-uH5SustAmPL40g,,
lMtR4fexLIo,https://www.youtube.com/watch?v=lMtR4fexLIo,Sen. Elissa Slotkin,Elissa Slotkin,S001208,UCavPE_osOr5wM3QYUzfs95A,,
lOcxNLxD4Xk,https://www.youtube.com/watch?v=lOcxNLxD4Xk,Sen. Ruben Gallego,Ruben Gallego,G000574,UCxggVFesZy65a0WBT3_roXQ,,
lTtqOMb8IeQ,https://www.youtube.com/watch?v=lTtqOMb8IeQ,Sen. Elissa Slotkin,Elissa Slotkin,S001208,UCavPE_osOr5wM3QYUzfs95A,,
lV60NzPldYE,https://www.youtube.com/watch?v=lV60NzPldYE,Rep. Auchincloss,Jake Auchincloss,A000148,UCLTp0xAT0gBrF8WReNliMwA,,
lVHML7GhTkM,https://www.youtube.com/watch?v=lVHML7GhTkM,Jason Esteves For Georgia,Jason Esteves For Georgia,https://www.youtube.com/channel/UCB4tEiyY8eeBxP-pp3i4EMQ,UCB4tEiyY8eeBxP-pp3i4EMQ,,
lZj77gIKYGQ,https://www.youtube.com/watch?v=lZj77gIKYGQ,Sen. Ruben Gallego,Ruben Gallego,G000574,UCxggVFesZy65a0WBT3_roXQ,,
lcbdi3NPzXs,https://www.youtube.com/watch?v=lcbdi3NPzXs,Rep. Ritchie Torres,Ritchie Torres,T000486,UC332GOmhxGmHj3WRiHK4hFg,,
lkfwZ9qhHmQ,https://www.youtube.com/watch?v=lkfwZ9qhHmQ,House Committee on Agriculture,House Committee on Agriculture,https://www.youtube.com/channel/UCWtWf-QUTnJ-UMP5ZNWVB5Q,UCWtWf-QUTnJ-UMP5ZNWVB5Q,,
lm-mvuCpV0I,https://www.youtube.com/watch?v=lm-mvuCpV0I,Rep. Auchincloss,Jake Auchincloss,A000148,UCLTp0xAT0gBrF8WReNliMwA,,
lnQ4Ckr7yng,https://www.youtube.com/watch?v=lnQ4Ckr7yng,Rep. Auchincloss,Jake Auchincloss,A000148,UCLTp0xAT0gBrF8WReNliMwA,,
lnws01wJIfA,https://www.youtube.com/watch?v=lnws01wJIfA,U.S. Congressman Brendan Boyle,Brendan F. Boyle,B001296,UCMP_Anj7lz4eZuSh8GwFqQQ,,
lpRhpCG5b3E,https://www.youtube.com/watch?v=lpRhpCG5b3E,Rep. Ritchie Torres,Ritchie Torres,T000486,UC332GOmhxGmHj3WRiHK4hFg,,
lseUr7ZmU3c,https://www.youtube.com/watch?v=lseUr7ZmU3c,Mary Peltola,Mary Sattler Peltola,P000619,UCXHT0c_Cqdvp6UAfXDxuGow,,
ltzOpnp4MGw,https://www.youtube.com/watch?v=ltzOpnp4MGw,House Committee on Agriculture,House Committee on Agriculture,https://www.youtube.com/channel/UCWtWf-QUTnJ-UMP5ZNWVB5Q,UCWtWf-QUTnJ-UMP5ZNWVB5Q,,
lwBLUbR7AfM,https://www.youtube.com/watch?v=lwBLUbR7AfM,Sen. Ruben Gallego,Ruben Gallego,G000574,UCxggVFesZy65a0WBT3_roXQ,,
m2H4Uhhru6c,https://www.youtube.com/watch?v=m2H4Uhhru6c,Rep. Marie Gluesenkamp Perez,Marie Gluesenkamp Perez,G000600,UCo4paf7SbVdHOi67ayp1DDg,,
m6Ghd8OuegQ,https://www.youtube.com/watch?v=m6Ghd8OuegQ,Senator Michael Bennet,Michael F. Bennet,B001267,UCXB3cljpMwTyCUyLr2ZVLow,,
m7YFJfHyFkQ,https://www.youtube.com/watch?v=m7YFJfHyFkQ,U.S. Congressman Brendan Boyle,Brendan F. Boyle,B001296,UCMP_Anj7lz4eZuSh8GwFqQQ,,
mBDNZloUleo,https://www.youtube.com/watch?v=mBDNZloUleo,Rep. Joe Neguse,Joe Neguse,N000191,UCukNKhsFrzM-LFtp43XPQtg,,
mBGzj5R628A,https://www.youtube.com/watch?v=mBGzj5R628A,Rep. Joe Neguse,Joe Neguse,N000191,UCukNKhsFrzM-LFtp43XPQtg,,
mEDQQlhVqL4,https://www.youtube.com/watch?v=mEDQQlhVqL4,Congresswoman Mikie Sherrill,Eliakim Sherrill,S000351,UCt32kuHrxtXlv2JI5FDn0kg,,
mHC-Ip_Bhfg,https://www.youtube.com/watch?v=mHC-Ip_Bhfg,Rep. Joe Neguse,Joe Neguse,N000191,UCukNKhsFrzM-LFtp43XPQtg,,
mT0J9xkH72s,https://www.youtube.com/watch?v=mT0J9xkH72s,Rep. Ritchie Torres,Ritchie Torres,T000486,UC332GOmhxGmHj3WRiHK4hFg,,
mUP4vFBhixQ,https://www.youtube.com/watch?v=mUP4vFBhixQ,Rep. Joe Neguse,Joe Neguse,N000191,UCukNKhsFrzM-LFtp43XPQtg,,
mWcqVAgcleI,https://www.youtube.com/watch?v=mWcqVAgcleI,Mahan for California,Mahan for California,https://www.youtube.com/channel/UCePbQz1iC9qgNcxtAwv3_zQ,UCePbQz1iC9qgNcxtAwv3_zQ,,
mWsPrtnEAog,https://www.youtube.com/watch?v=mWsPrtnEAog,Sen. Ruben Gallego,Ruben Gallego,G000574,UCxggVFesZy65a0WBT3_roXQ,,
mXEDmbwcZR4,https://www.youtube.com/watch?v=mXEDmbwcZR4,Rep. Auchincloss,Jake Auchincloss,A000148,UCLTp0xAT0gBrF8WReNliMwA,,
mawgBSyXZS8,https://www.youtube.com/watch?v=mawgBSyXZS8,Rep. Joe Neguse,Joe Neguse,N000191,UCukNKhsFrzM-LFtp43XPQtg,,
me59HmlMpo0,https://www.youtube.com/watch?v=me59HmlMpo0,Sen. Elissa Slotkin,Elissa Slotkin,S001208,UCavPE_osOr5wM3QYUzfs95A,,
mf1STC4qQpU,https://www.youtube.com/watch?v=mf1STC4qQpU,Rep. Joe Neguse,Joe Neguse,N000191,UCukNKhsFrzM-LFtp43XPQtg,,
mftMiALjqYk,https://www.youtube.com/watch?v=mftMiALjqYk,U.S. Congressman Brendan Boyle,Brendan F. Boyle,B001296,UCMP_Anj7lz4eZuSh8GwFqQQ,,
mgTz4DVHVls,https://www.youtube.com/watch?v=mgTz4DVHVls,Maggie Goodlander for Congress,Maggie Goodlander,G000604,UCmy6ACpOou_Vb74yIMSc7hg,,
mnVFu58SHfA,https://www.youtube.com/watch?v=mnVFu58SHfA,Jeff Jackson,Jeff Jackson,J000308,UCMS_OsMEOc1s9hlwRvQyahg,,
ms2Ty3iQAU4,https://www.youtube.com/watch?v=ms2Ty3iQAU4,Sen. Elissa Slotkin,Elissa Slotkin,S001208,UCavPE_osOr5wM3QYUzfs95A,,
myzkGBuzRUo,https://www.youtube.com/watch?v=myzkGBuzRUo,Senator Michael Bennet,Michael F. Bennet,B001267,UCXB3cljpMwTyCUyLr2ZVLow,,
n2C7QLvY1I4,https://www.youtube.com/watch?v=n2C7QLvY1I4,Rep. Auchincloss,Jake Auchincloss,A000148,UCLTp0xAT0gBrF8WReNliMwA,,
n3iLHUHg_Zo,https://www.youtube.com/watch?v=n3iLHUHg_Zo,House Committee on Agriculture,House Committee on Agriculture,https://www.youtube.com/channel/UCWtWf-QUTnJ-UMP5ZNWVB5Q,UCWtWf-QUTnJ-UMP5ZNWVB5Q,,
n5IH4uI-j7Y,https://www.youtube.com/watch?v=n5IH4uI-j7Y,Rep. Gabe Vasquez,Gabe Vasquez,V000136,UCYNflwnxykWBLTaNbuIFIqA,,
n5bX3eDHenc,https://www.youtube.com/watch?v=n5bX3eDHenc,Sen. Elissa Slotkin,Elissa Slotkin,S001208,UCavPE_osOr5wM3QYUzfs95A,,
n7ECfiQtWMg,https://www.youtube.com/watch?v=n7ECfiQtWMg,House Committee on Agriculture,House Committee on Agriculture,https://www.youtube.com/channel/UCWtWf-QUTnJ-UMP5ZNWVB5Q,UCWtWf-QUTnJ-UMP5ZNWVB5Q,,
n9mkxGAJndo,https://www.youtube.com/watch?v=n9mkxGAJndo,Rep. Joe Neguse,Joe Neguse,N000191,UCukNKhsFrzM-LFtp43XPQtg,,
nB5uGWTQpE0,https://www.youtube.com/watch?v=nB5uGWTQpE0,U.S. Congressman Brendan Boyle,Brendan F. Boyle,B001296,UCMP_Anj7lz4eZuSh8GwFqQQ,,
nB8OPOLfLJk,https://www.youtube.com/watch?v=nB8OPOLfLJk,Rep. Ritchie Torres,Norma J. Torres,T000474,UC332GOmhxGmHj3WRiHK4hFg,,
nDgsWcp-6y4,https://www.youtube.com/watch?v=nDgsWcp-6y4,Sen. Elissa Slotkin,Elissa Slotkin,S001208,UCavPE_osOr5wM3QYUzfs95A,,
nEYJqYiu7xs,https://www.youtube.com/watch?v=nEYJqYiu7xs,U.S. Congressman Brendan Boyle,Brendan F. Boyle,B001296,UCMP_Anj7lz4eZuSh8GwFqQQ,,
nHA1iQm6uB4,https://www.youtube.com/watch?v=nHA1iQm6uB4,Sen. Elissa Slotkin,Elissa Slotkin,S001208,UCavPE_osOr5wM3QYUzfs95A,,
nHVsNuFovZc,https://www.youtube.com/watch?v=nHVsNuFovZc,Senator Michael Bennet,Michael F. Bennet,B001267,UCXB3cljpMwTyCUyLr2ZVLow,,
nIieAGaA2FE,https://www.youtube.com/watch?v=nIieAGaA2FE,Rep. Auchincloss,Jake Auchincloss,A000148,UCLTp0xAT0gBrF8WReNliMwA,,
nMOACh50ia0,https://www.youtube.com/watch?v=nMOACh50ia0,Sen. Ruben Gallego,Ruben Gallego,G000574,UCxggVFesZy65a0WBT3_roXQ,,
nMvLZzTXL7I,https://www.youtube.com/watch?v=nMvLZzTXL7I,Sen. Elissa Slotkin,Elissa Slotkin,S001208,UCavPE_osOr5wM3QYUzfs95A,,
nQMPsXdhTL8,https://www.youtube.com/watch?v=nQMPsXdhTL8,Rep. Ritchie Torres,Ritchie Torres,T000486,UC332GOmhxGmHj3WRiHK4hFg,,
nQRb_N8LIgI,https://www.youtube.com/watch?v=nQRb_N8LIgI,James Talarico,Barack Obama,O000167,UCY0jKbBT2SdUo-hLgDwz5qg,,
nReWLMdYyII,https://www.youtube.com/watch?v=nReWLMdYyII,Sen. Ruben Gallego,Ruben Gallego,G000574,UCxggVFesZy65a0WBT3_roXQ,,
nSlblXWd3uM,https://www.youtube.com/watch?v=nSlblXWd3uM,Sen. Elissa Slotkin,Elissa Slotkin,S001208,UCavPE_osOr5wM3QYUzfs95A,,
nV8Ss2-IcZg,https://www.youtube.com/watch?v=nV8Ss2-IcZg,Rep. Auchincloss,Jake Auchincloss,A000148,UCLTp0xAT0gBrF8WReNliMwA,,
nZPJs4SGgLs,https://www.youtube.com/watch?v=nZPJs4SGgLs,Sen. Ruben Gallego,Ruben Gallego,G000574,UCxggVFesZy65a0WBT3_roXQ,,
ncfvbLLzSGg,https://www.youtube.com/watch?v=ncfvbLLzSGg,Mahan for California,Mahan for California,https://www.youtube.com/channel/UCePbQz1iC9qgNcxtAwv3_zQ,UCePbQz1iC9qgNcxtAwv3_zQ,,
nfI0GRMVuj0,https://www.youtube.com/watch?v=nfI0GRMVuj0,Rep. Marie Gluesenkamp Perez,Marie Gluesenkamp Perez,G000600,UCo4paf7SbVdHOi67ayp1DDg,,
nfmhXSkcgqY,https://www.youtube.com/watch?v=nfmhXSkcgqY,Sen. Ruben Gallego,Ruben Gallego,G000574,UCxggVFesZy65a0WBT3_roXQ,,
nnzQ_SerGaM,https://www.youtube.com/watch?v=nnzQ_SerGaM,Congresswoman Mikie Sherrill,Eliakim Sherrill,S000351,UCt32kuHrxtXlv2JI5FDn0kg,,
ntyPiSWE-jk,https://www.youtube.com/watch?v=ntyPiSWE-jk,Sen. Elissa Slotkin,Elissa Slotkin,S001208,UCavPE_osOr5wM3QYUzfs95A,,
o10gZ_3EUVw,https://www.youtube.com/watch?v=o10gZ_3EUVw,House Committee on Agriculture,House Committee on Agriculture,https://www.youtube.com/channel/UCWtWf-QUTnJ-UMP5ZNWVB5Q,UCWtWf-QUTnJ-UMP5ZNWVB5Q,,
o85xcgO2uN8,https://www.youtube.com/watch?v=o85xcgO2uN8,Rep. Auchincloss,Jake Auchincloss,A000148,UCLTp0xAT0gBrF8WReNliMwA,,
oCAFUiNhiuI,https://www.youtube.com/watch?v=oCAFUiNhiuI,Maggie Goodlander for Congress,Maggie Goodlander,G000604,UCmy6ACpOou_Vb74yIMSc7hg,,
oN2GeL2ft_w,https://www.youtube.com/watch?v=oN2GeL2ft_w,Senator Michael Bennet,Michael F. Bennet,B001267,UCXB3cljpMwTyCUyLr2ZVLow,,
oVOieDUVX1c,https://www.youtube.com/watch?v=oVOieDUVX1c,Sen. Elissa Slotkin,Elissa Slotkin,S001208,UCavPE_osOr5wM3QYUzfs95A,,
oXXsTcMcBoM,https://www.youtube.com/watch?v=oXXsTcMcBoM,Rep. Marie Gluesenkamp Perez,Marie Gluesenkamp Perez,G000600,UCo4paf7SbVdHOi67ayp1DDg,,
oa9-fri6zEA,https://www.youtube.com/watch?v=oa9-fri6zEA,Mahan for California,Mahan for California,https://www.youtube.com/channel/UCePbQz1iC9qgNcxtAwv3_zQ,UCePbQz1iC9qgNcxtAwv3_zQ,,
odmCQ4wqluw,https://www.youtube.com/watch?v=odmCQ4wqluw,Rep. Marie Gluesenkamp Perez,Marie Gluesenkamp Perez,G000600,UCo4paf7SbVdHOi67ayp1DDg,,
oeSWsbHCilg,https://www.youtube.com/watch?v=oeSWsbHCilg,Rep. Auchincloss,Jake Auchincloss,A000148,UCLTp0xAT0gBrF8WReNliMwA,,
ozwqLy2itIA,https://www.youtube.com/watch?v=ozwqLy2itIA,Rep. Ritchie Torres,Ritchie Torres,T000486,UC332GOmhxGmHj3WRiHK4hFg,,
p0vTQqWEex8,https://www.youtube.com/watch?v=p0vTQqWEex8,Rep. Marie Gluesenkamp Perez,Marie Gluesenkamp Perez,G000600,UCo4paf7SbVdHOi67ayp1DDg,,
p1Oa0XB1b2Q,https://www.youtube.com/watch?v=p1Oa0XB1b2Q,Sen. Elissa Slotkin,Elissa Slotkin,S001208,UCavPE_osOr5wM3QYUzfs95A,,
p33RWZYDpvM,https://www.youtube.com/watch?v=p33RWZYDpvM,House Committee on Agriculture,House Committee on Agriculture,https://www.youtube.com/channel/UCWtWf-QUTnJ-UMP5ZNWVB5Q,UCWtWf-QUTnJ-UMP5ZNWVB5Q,,
p38ATPZ5hQ0,https://www.youtube.com/watch?v=p38ATPZ5hQ0,Maggie Goodlander for Congress,Maggie Goodlander,G000604,UCmy6ACpOou_Vb74yIMSc7hg,,
p3OBqyxUb8M,https://www.youtube.com/watch?v=p3OBqyxUb8M,Congresswoman Sarah McBride,Sarah McBride,M001238,UCadfl-Ek-uH5SustAmPL40g,,
p6YHl4vHQ9M,https://www.youtube.com/watch?v=p6YHl4vHQ9M,Sen. Elissa Slotkin,Elissa Slotkin,S001208,UCavPE_osOr5wM3QYUzfs95A,,
p9xX1UBpZ-c,https://www.youtube.com/watch?v=p9xX1UBpZ-c,Sen. Elissa Slotkin,Elissa Slotkin,S001208,UCavPE_osOr5wM3QYUzfs95A,,
pC9kHezVDsg,https://www.youtube.com/watch?v=pC9kHezVDsg,Sen. Elissa Slotkin,Elissa Slotkin,S001208,UCavPE_osOr5wM3QYUzfs95A,,
pDyZcLILXrE,https://www.youtube.com/watch?v=pDyZcLILXrE,Rep. Auchincloss,Jake Auchincloss,A000148,UCLTp0xAT0gBrF8WReNliMwA,,
pEMRGAzAUvI,https://www.youtube.com/watch?v=pEMRGAzAUvI,Rep. Auchincloss,Jake Auchincloss,A000148,UCLTp0xAT0gBrF8WReNliMwA,,
pXR5fJr7rEw,https://www.youtube.com/watch?v=pXR5fJr7rEw,Rep. Joe Neguse,Joe Neguse,N000191,UCukNKhsFrzM-LFtp43XPQtg,,
pZ3dieovIug,https://www.youtube.com/watch?v=pZ3dieovIug,Rep. Ritchie Torres,Ritchie Torres,T000486,UC332GOmhxGmHj3WRiHK4hFg,,
p_k0r5DSfu0,https://www.youtube.com/watch?v=p_k0r5DSfu0,Sen. Ruben Gallego,Ruben Gallego,G000574,UCxggVFesZy65a0WBT3_roXQ,,
pbFiKN48UxI,https://www.youtube.com/watch?v=pbFiKN48UxI,Sen. Elissa Slotkin,Elissa Slotkin,S001208,UCavPE_osOr5wM3QYUzfs95A,,
peEnBC2uBWM,https://www.youtube.com/watch?v=peEnBC2uBWM,Rep. Joe Neguse,Joe Neguse,N000191,UCukNKhsFrzM-LFtp43XPQtg,,
piXXM_LdmpY,https://www.youtube.com/watch?v=piXXM_LdmpY,Congresswoman Sarah McBride,Sarah McBride,M001238,UCadfl-Ek-uH5SustAmPL40g,,
pjtIFmF5_6o,https://www.youtube.com/watch?v=pjtIFmF5_6o,Sen. Elissa Slotkin,Elissa Slotkin,S001208,UCavPE_osOr5wM3QYUzfs95A,,
pmGlH4eJn-g,https://www.youtube.com/watch?v=pmGlH4eJn-g,U.S. Congressman Brendan Boyle,Brendan F. Boyle,B001296,UCMP_Anj7lz4eZuSh8GwFqQQ,,
pmUkgIINx9Q,https://www.youtube.com/watch?v=pmUkgIINx9Q,Abigail Spanberger for Governor,Abigail Davis Spanberger,S001209,UCxJTgExEfcqCdIj4SMJyqrQ,,
pp97P9UJc2s,https://www.youtube.com/watch?v=pp97P9UJc2s,Mary Peltola,Mary Sattler Peltola,P000619,UCXHT0c_Cqdvp6UAfXDxuGow,,
pyMfFnI-Hcw,https://www.youtube.com/watch?v=pyMfFnI-Hcw,U.S. Congressman Brendan Boyle,Brendan F. Boyle,B001296,UCMP_Anj7lz4eZuSh8GwFqQQ,,
pzbZyAdO69o,https://www.youtube.com/watch?v=pzbZyAdO69o,Sen. Elissa Slotkin,Elissa Slotkin,S001208,UCavPE_osOr5wM3QYUzfs95A,,
q0UtYWliHfU,https://www.youtube.com/watch?v=q0UtYWliHfU,Rep. Joe Neguse,Joe Neguse,N000191,UCukNKhsFrzM-LFtp43XPQtg,,
q2kBW1BUUf0,https://www.youtube.com/watch?v=q2kBW1BUUf0,Sen. Elissa Slotkin,Elissa Slotkin,S001208,UCavPE_osOr5wM3QYUzfs95A,,
q3P9dV8AAWk,https://www.youtube.com/watch?v=q3P9dV8AAWk,House Committee on Agriculture,House Committee on Agriculture,https://www.youtube.com/channel/UCWtWf-QUTnJ-UMP5ZNWVB5Q,UCWtWf-QUTnJ-UMP5ZNWVB5Q,,
q5F25D1-2Mc,https://www.youtube.com/watch?v=q5F25D1-2Mc,Rep. Auchincloss,Jake Auchincloss,A000148,UCLTp0xAT0gBrF8WReNliMwA,,
qDVbIMnI340,https://www.youtube.com/watch?v=qDVbIMnI340,Sen. Elissa Slotkin,Elissa Slotkin,S001208,UCavPE_osOr5wM3QYUzfs95A,,
qFSc51pg3I4,https://www.youtube.com/watch?v=qFSc51pg3I4,Rep. Auchincloss,Jake Auchincloss,A000148,UCLTp0xAT0gBrF8WReNliMwA,,
qGuvs_um8eU,https://www.youtube.com/watch?v=qGuvs_um8eU,Rep. Joe Neguse,Joe Neguse,N000191,UCukNKhsFrzM-LFtp43XPQtg,,
qJBxDoEHQYY,https://www.youtube.com/watch?v=qJBxDoEHQYY,Rep. Ritchie Torres,Ritchie Torres,T000486,UC332GOmhxGmHj3WRiHK4hFg,,
qRt4AJmu5eQ,https://www.youtube.com/watch?v=qRt4AJmu5eQ,Sen. Elissa Slotkin,Elissa Slotkin,S001208,UCavPE_osOr5wM3QYUzfs95A,,
qWMtlW6zlvA,https://www.youtube.com/watch?v=qWMtlW6zlvA,Sen. Ruben Gallego,Ruben Gallego,G000574,UCxggVFesZy65a0WBT3_roXQ,,
qYs7BVPf6gc,https://www.youtube.com/watch?v=qYs7BVPf6gc,Sen. Elissa Slotkin,Elissa Slotkin,S001208,UCavPE_osOr5wM3QYUzfs95A,,
qaDBlohkwfg,https://www.youtube.com/watch?v=qaDBlohkwfg,Rep. Marie Gluesenkamp Perez,Marie Gluesenkamp Perez,G000600,UCo4paf7SbVdHOi67ayp1DDg,,
qaHLN6bUcao,https://www.youtube.com/watch?v=qaHLN6bUcao,Sen. Ruben Gallego,Ruben Gallego,G000574,UCxggVFesZy65a0WBT3_roXQ,,
qbVaCPio5AY,https://www.youtube.com/watch?v=qbVaCPio5AY,Sen. Mallory McMorrow,Stephen Mallory,M000084,UCUNrNIDIIoXI6W-TCj58HSg,,
qdwMTz9ca5s,https://www.youtube.com/watch?v=qdwMTz9ca5s,Senator Michael Bennet,Michael F. Bennet,B001267,UCXB3cljpMwTyCUyLr2ZVLow,,
qfqhdV79Kok,https://www.youtube.com/watch?v=qfqhdV79Kok,Congresswoman Mikie Sherrill,Eliakim Sherrill,S000351,UCt32kuHrxtXlv2JI5FDn0kg,,
qgAbD9CHbcI,https://www.youtube.com/watch?v=qgAbD9CHbcI,House Committee on Agriculture,Bennie G. Thompson,T000193,UCWtWf-QUTnJ-UMP5ZNWVB5Q,,
qmeLZYEAxwI,https://www.youtube.com/watch?v=qmeLZYEAxwI,House Committee on Agriculture,House Committee on Agriculture,https://www.youtube.com/channel/UCWtWf-QUTnJ-UMP5ZNWVB5Q,UCWtWf-QUTnJ-UMP5ZNWVB5Q,,
qqvNCpjzdPk,https://www.youtube.com/watch?v=qqvNCpjzdPk,U.S. Congressman Brendan Boyle,Brendan F. Boyle,B001296,UCMP_Anj7lz4eZuSh8GwFqQQ,,
qtJ5_oxILr8,https://www.youtube.com/watch?v=qtJ5_oxILr8,House Committee on Agriculture,House Committee on Agriculture,https://www.youtube.com/channel/UCWtWf-QUTnJ-UMP5ZNWVB5Q,UCWtWf-QUTnJ-UMP5ZNWVB5Q,,
quUm7sgAX2g,https://www.youtube.com/watch?v=quUm7sgAX2g,Sen. Ruben Gallego,Ruben Gallego,G000574,UCxggVFesZy65a0WBT3_roXQ,,
qxoiwcCP-Rw,https://www.youtube.com/watch?v=qxoiwcCP-Rw,Mary Peltola,Mary Sattler Peltola,P000619,UCXHT0c_Cqdvp6UAfXDxuGow,,
r1EtAIj93Kg,https://www.youtube.com/watch?v=r1EtAIj93Kg,Rep. Ritchie Torres,Ritchie Torres,T000486,UC332GOmhxGmHj3WRiHK4hFg,,
r1OjV4EBaDU,https://www.youtube.com/watch?v=r1OjV4EBaDU,Sen. Elissa Slotkin,Elissa Slotkin,S001208,UCavPE_osOr5wM3QYUzfs95A,,
r1a87IN5KXg,https://www.youtube.com/watch?v=r1a87IN5KXg,Sen. Elissa Slotkin,Elissa Slotkin,S001208,UCavPE_osOr5wM3QYUzfs95A,,
r67Bjf4QlvQ,https://www.youtube.com/watch?v=r67Bjf4QlvQ,Senator Michael Bennet,Michael F. Bennet,B001267,UCXB3cljpMwTyCUyLr2ZVLow,,
rKKuSAVyqqo,https://www.youtube.com/watch?v=rKKuSAVyqqo,Jeff Jackson,Jeff Jackson,J000308,UCMS_OsMEOc1s9hlwRvQyahg,,
rKz277Fro1o,https://www.youtube.com/watch?v=rKz277Fro1o,House Committee on Agriculture,House Committee on Agriculture,https://www.youtube.com/channel/UCWtWf-QUTnJ-UMP5ZNWVB5Q,UCWtWf-QUTnJ-UMP5ZNWVB5Q,,
rLvjX2YKmXY,https://www.youtube.com/watch?v=rLvjX2YKmXY,Rep. Joe Neguse,Joe Neguse,N000191,UCukNKhsFrzM-LFtp43XPQtg,,
rMlnlfUXZns,https://www.youtube.com/watch?v=rMlnlfUXZns,Congresswoman Sarah McBride,Sarah McBride,M001238,UCadfl-Ek-uH5SustAmPL40g,,
rOLKeudrAZw,https://www.youtube.com/watch?v=rOLKeudrAZw,Mary Peltola,Mary Sattler Peltola,P000619,UCXHT0c_Cqdvp6UAfXDxuGow,,
rQCVpDGoLZ8,https://www.youtube.com/watch?v=rQCVpDGoLZ8,Rep. Joe Neguse,Joe Neguse,N000191,UCukNKhsFrzM-LFtp43XPQtg,,
rShZDqN-_Ko,https://www.youtube.com/watch?v=rShZDqN-_Ko,Maggie Goodlander for Congress,Maggie Goodlander,G000604,UCmy6ACpOou_Vb74yIMSc7hg,,
rUXfSmnV_to,https://www.youtube.com/watch?v=rUXfSmnV_to,Rep. Joe Neguse,Joe Neguse,N000191,UCukNKhsFrzM-LFtp43XPQtg,,
rYTepRFvR1w,https://www.youtube.com/watch?v=rYTepRFvR1w,Senator Michael Bennet,Michael F. Bennet,B001267,UCXB3cljpMwTyCUyLr2ZVLow,,
rgU3EcjTtRA,https://www.youtube.com/watch?v=rgU3EcjTtRA,House Committee on Agriculture,House Committee on Agriculture,https://www.youtube.com/channel/UCWtWf-QUTnJ-UMP5ZNWVB5Q,UCWtWf-QUTnJ-UMP5ZNWVB5Q,,
rh5DunKDmZ8,https://www.youtube.com/watch?v=rh5DunKDmZ8,Sen. Elissa Slotkin,Elissa Slotkin,S001208,UCavPE_osOr5wM3QYUzfs95A,,
rk81quFrR6c,https://www.youtube.com/watch?v=rk81quFrR6c,Senator Michael Bennet,Michael F. Bennet,B001267,UCXB3cljpMwTyCUyLr2ZVLow,,
rnKLBCI6LVQ,https://www.youtube.com/watch?v=rnKLBCI6LVQ,House Committee on Agriculture,House Committee on Agriculture,https://www.youtube.com/channel/UCWtWf-QUTnJ-UMP5ZNWVB5Q,UCWtWf-QUTnJ-UMP5ZNWVB5Q,,
rnqA9TDj7aw,https://www.youtube.com/watch?v=rnqA9TDj7aw,James Talarico,James Talarico,https://www.youtube.com/channel/UCY0jKbBT2SdUo-hLgDwz5qg,UCY0jKbBT2SdUo-hLgDwz5qg,,
roDGW1OBEME,https://www.youtube.com/watch?v=roDGW1OBEME,Congresswoman Sarah McBride,Sarah McBride,M001238,UCadfl-Ek-uH5SustAmPL40g,,
rpua3SPP4JQ,https://www.youtube.com/watch?v=rpua3SPP4JQ,Senator Michael Bennet,Michael F. Bennet,B001267,UCXB3cljpMwTyCUyLr2ZVLow,,
rsCBAcW5Q1Y,https://www.youtube.com/watch?v=rsCBAcW5Q1Y,House Committee on Agriculture,House Committee on Agriculture,https://www.youtube.com/channel/UCWtWf-QUTnJ-UMP5ZNWVB5Q,UCWtWf-QUTnJ-UMP5ZNWVB5Q,,
s3FLX2dOTjI,https://www.youtube.com/watch?v=s3FLX2dOTjI,Sen. Elissa Slotkin,Elissa Slotkin,S001208,UCavPE_osOr5wM3QYUzfs95A,,
s6Sy9V750P4,https://www.youtube.com/watch?v=s6Sy9V750P4,Sen. Elissa Slotkin,Elissa Slotkin,S001208,UCavPE_osOr5wM3QYUzfs95A,,
s7SoKt6MZrE,https://www.youtube.com/watch?v=s7SoKt6MZrE,Sen. Elissa Slotkin,Elissa Slotkin,S001208,UCavPE_osOr5wM3QYUzfs95A,,
sAoQEJB3taM,https://www.youtube.com/watch?v=sAoQEJB3taM,U.S. Congressman Brendan Boyle,Brendan F. Boyle,B001296,UCMP_Anj7lz4eZuSh8GwFqQQ,,
sBfX4GGorFw,https://www.youtube.com/watch?v=sBfX4GGorFw,Sen. Elissa Slotkin,Elissa Slotkin,S001208,UCavPE_osOr5wM3QYUzfs95A,,
sHDxW_AX67g,https://www.youtube.com/watch?v=sHDxW_AX67g,Rep. Joe Neguse,Joe Neguse,N000191,UCukNKhsFrzM-LFtp43XPQtg,,
sHQ7P7DWi1w,https://www.youtube.com/watch?v=sHQ7P7DWi1w,Sen. Elissa Slotkin,Elissa Slotkin,S001208,UCavPE_osOr5wM3QYUzfs95A,,
sL4BgcGiau4,https://www.youtube.com/watch?v=sL4BgcGiau4,Mahan for California,Mahan for California,https://www.youtube.com/channel/UCePbQz1iC9qgNcxtAwv3_zQ,UCePbQz1iC9qgNcxtAwv3_zQ,,
sPip5v1cSdE,https://www.youtube.com/watch?v=sPip5v1cSdE,Sen. Elissa Slotkin,Elissa Slotkin,S001208,UCavPE_osOr5wM3QYUzfs95A,,
sUF4JBmm6Qw,https://www.youtube.com/watch?v=sUF4JBmm6Qw,U.S. Congressman Brendan Boyle,Brendan F. Boyle,B001296,UCMP_Anj7lz4eZuSh8GwFqQQ,,
sWweUnJZ8Oc,https://www.youtube.com/watch?v=sWweUnJZ8Oc,Congresswoman Sarah McBride,Sarah McBride,M001238,UCadfl-Ek-uH5SustAmPL40g,,
sc3wT2aykU0,https://www.youtube.com/watch?v=sc3wT2aykU0,Rep. Joe Neguse,Joe Neguse,N000191,UCukNKhsFrzM-LFtp43XPQtg,,
sd-oIHqItb4,https://www.youtube.com/watch?v=sd-oIHqItb4,Senator Michael Bennet,Michael F. Bennet,B001267,UCXB3cljpMwTyCUyLr2ZVLow,,
sdyWLl8ANjo,https://www.youtube.com/watch?v=sdyWLl8ANjo,Senator Michael Bennet,Michael F. Bennet,B001267,UCXB3cljpMwTyCUyLr2ZVLow,,
sg2BRWCd5uk,https://www.youtube.com/watch?v=sg2BRWCd5uk,Sen. Elissa Slotkin,Elissa Slotkin,S001208,UCavPE_osOr5wM3QYUzfs95A,,
sihUEgFApqA,https://www.youtube.com/watch?v=sihUEgFApqA,Sen. Ruben Gallego,Ruben Gallego,G000574,UCxggVFesZy65a0WBT3_roXQ,,
sn-x7ii-Azs,https://www.youtube.com/watch?v=sn-x7ii-Azs,Mahan for California,Mahan for California,https://www.youtube.com/channel/UCePbQz1iC9qgNcxtAwv3_zQ,UCePbQz1iC9qgNcxtAwv3_zQ,,
soIr1EysVvk,https://www.youtube.com/watch?v=soIr1EysVvk,Rep. Marie Gluesenkamp Perez,Marie Gluesenkamp Perez,G000600,UCo4paf7SbVdHOi67ayp1DDg,,
sp9a9BPYDSg,https://www.youtube.com/watch?v=sp9a9BPYDSg,Rep. Auchincloss,Jake Auchincloss,A000148,UCLTp0xAT0gBrF8WReNliMwA,,
spRyFYnsZao,https://www.youtube.com/watch?v=spRyFYnsZao,Sen. Ruben Gallego,Ruben Gallego,G000574,UCxggVFesZy65a0WBT3_roXQ,,
srr_5iEjQVY,https://www.youtube.com/watch?v=srr_5iEjQVY,Congresswoman Mikie Sherrill,Mikie Sherrill,S001207,UCt32kuHrxtXlv2JI5FDn0kg,,
sugGzWnjSvM,https://www.youtube.com/watch?v=sugGzWnjSvM,Congresswoman Mikie Sherrill,Eliakim Sherrill,S000351,UCt32kuHrxtXlv2JI5FDn0kg,,
sy71Sfo6ONA,https://www.youtube.com/watch?v=sy71Sfo6ONA,Rep. George Whitesides,George Whitesides,W000830,UCi0_78hGEjLd1EGuie6quKg,,
t0LMXGdgrG4,https://www.youtube.com/watch?v=t0LMXGdgrG4,Rep. Marie Gluesenkamp Perez,Marie Gluesenkamp Perez,G000600,UCo4paf7SbVdHOi67ayp1DDg,,
t97nBXeTrQQ,https://www.youtube.com/watch?v=t97nBXeTrQQ,House Committee on Agriculture,House Committee on Agriculture,https://www.youtube.com/channel/UCWtWf-QUTnJ-UMP5ZNWVB5Q,UCWtWf-QUTnJ-UMP5ZNWVB5Q,,
t9tCjctok60,https://www.youtube.com/watch?v=t9tCjctok60,Sen. Ruben Gallego,Ruben Gallego,G000574,UCxggVFesZy65a0WBT3_roXQ,,
tCglLhL4CjQ,https://www.youtube.com/watch?v=tCglLhL4CjQ,Senator Michael Bennet,Michael F. Bennet,B001267,UCXB3cljpMwTyCUyLr2ZVLow,,
tDSMszDCaww,https://www.youtube.com/watch?v=tDSMszDCaww,Mahan for California,Mahan for California,https://www.youtube.com/channel/UCePbQz1iC9qgNcxtAwv3_zQ,UCePbQz1iC9qgNcxtAwv3_zQ,,
tFfOPel8_oQ,https://www.youtube.com/watch?v=tFfOPel8_oQ,Sen. Elissa Slotkin,Elissa Slotkin,S001208,UCavPE_osOr5wM3QYUzfs95A,,
tK8jQdfgqpU,https://www.youtube.com/watch?v=tK8jQdfgqpU,U.S. Congressman Brendan Boyle,Brendan F. Boyle,B001296,UCMP_Anj7lz4eZuSh8GwFqQQ,,
tKAttu37hG4,https://www.youtube.com/watch?v=tKAttu37hG4,Rep. Auchincloss,Jake Auchincloss,A000148,UCLTp0xAT0gBrF8WReNliMwA,,
tO7PCvrHMBs,https://www.youtube.com/watch?v=tO7PCvrHMBs,U.S. Congressman Brendan Boyle,Brendan F. Boyle,B001296,UCMP_Anj7lz4eZuSh8GwFqQQ,,
tRbRBJDunsk,https://www.youtube.com/watch?v=tRbRBJDunsk,James Talarico,James Talarico,https://www.youtube.com/channel/UCY0jKbBT2SdUo-hLgDwz5qg,UCY0jKbBT2SdUo-hLgDwz5qg,,
tSkICVpWAyk,https://www.youtube.com/watch?v=tSkICVpWAyk,Sen. Elissa Slotkin,Elissa Slotkin,S001208,UCavPE_osOr5wM3QYUzfs95A,,
tSqPFpeo88U,https://www.youtube.com/watch?v=tSqPFpeo88U,Abigail Spanberger for Governor,Abigail Davis Spanberger,S001209,UCxJTgExEfcqCdIj4SMJyqrQ,,
tX6uhuQntEI,https://www.youtube.com/watch?v=tX6uhuQntEI,Sen. Ruben Gallego,Ruben Gallego,G000574,UCxggVFesZy65a0WBT3_roXQ,,
teYA3QGn7yI,https://www.youtube.com/watch?v=teYA3QGn7yI,Congresswoman Sarah McBride,Sarah McBride,M001238,UCadfl-Ek-uH5SustAmPL40g,,
thqgpIaKAqY,https://www.youtube.com/watch?v=thqgpIaKAqY,Rep. Gabe Vasquez,Gabe Vasquez,V000136,UCYNflwnxykWBLTaNbuIFIqA,,
toek-ddUxLI,https://www.youtube.com/watch?v=toek-ddUxLI,Angie Craig,Angie Craig,C001119,UCIQeh8zK8g51o9pNGGglHVA,,
trbvzFNBO2A,https://www.youtube.com/watch?v=trbvzFNBO2A,Sen. Elissa Slotkin,Elissa Slotkin,S001208,UCavPE_osOr5wM3QYUzfs95A,,
tzGTwtqF5P4,https://www.youtube.com/watch?v=tzGTwtqF5P4,Rep. Auchincloss,Jake Auchincloss,A000148,UCLTp0xAT0gBrF8WReNliMwA,,
u107JbDveL4,https://www.youtube.com/watch?v=u107JbDveL4,Congresswoman Mikie Sherrill,Eliakim Sherrill,S000351,UCt32kuHrxtXlv2JI5FDn0kg,,
u3ZZ62KZbNQ,https://www.youtube.com/watch?v=u3ZZ62KZbNQ,House Committee on Agriculture,House Committee on Agriculture,https://www.youtube.com/channel/UCWtWf-QUTnJ-UMP5ZNWVB5Q,UCWtWf-QUTnJ-UMP5ZNWVB5Q,,
u4XFwoM7-zw,https://www.youtube.com/watch?v=u4XFwoM7-zw,Senator Michael Bennet,Michael F. Bennet,B001267,UCXB3cljpMwTyCUyLr2ZVLow,,
u6R6b4HHaoY,https://www.youtube.com/watch?v=u6R6b4HHaoY,Rep. Ritchie Torres,Ritchie Torres,T000486,UC332GOmhxGmHj3WRiHK4hFg,,
uDOIXdsVY8M,https://www.youtube.com/watch?v=uDOIXdsVY8M,Sen. Ruben Gallego,Ruben Gallego,G000574,UCxggVFesZy65a0WBT3_roXQ,,
uG5hags0_ts,https://www.youtube.com/watch?v=uG5hags0_ts,Rep. Joe Neguse,Joe Neguse,N000191,UCukNKhsFrzM-LFtp43XPQtg,,
uG7ywfMN6EY,https://www.youtube.com/watch?v=uG7ywfMN6EY,Sen. Elissa Slotkin,Elissa Slotkin,S001208,UCavPE_osOr5wM3QYUzfs95A,,
uHwyOlzc-pE,https://www.youtube.com/watch?v=uHwyOlzc-pE,House Committee on Agriculture,House Committee on Agriculture,https://www.youtube.com/channel/UCWtWf-QUTnJ-UMP5ZNWVB5Q,UCWtWf-QUTnJ-UMP5ZNWVB5Q,,
uI1P6AnahH0,https://www.youtube.com/watch?v=uI1P6AnahH0,Congresswoman Mikie Sherrill,Mikie Sherrill,S001207,UCt32kuHrxtXlv2JI5FDn0kg,,
uO5-JFurHwU,https://www.youtube.com/watch?v=uO5-JFurHwU,U.S. Congressman Brendan Boyle,Brendan F. Boyle,B001296,UCMP_Anj7lz4eZuSh8GwFqQQ,,
uOMd_2kI6Dc,https://www.youtube.com/watch?v=uOMd_2kI6Dc,Sen. Ruben Gallego,Ruben Gallego,G000574,UCxggVFesZy65a0WBT3_roXQ,,
uRieRPZQRZo,https://www.youtube.com/watch?v=uRieRPZQRZo,Senator Michael Bennet,Michael F. Bennet,B001267,UCXB3cljpMwTyCUyLr2ZVLow,,
uSsp5jaxaXw,https://www.youtube.com/watch?v=uSsp5jaxaXw,Mary Peltola,Mary Sattler Peltola,P000619,UCXHT0c_Cqdvp6UAfXDxuGow,,
uTbeVHaxKc0,https://www.youtube.com/watch?v=uTbeVHaxKc0,Sen. Elissa Slotkin,Elissa Slotkin,S001208,UCavPE_osOr5wM3QYUzfs95A,,
uU8lCaltAZk,https://www.youtube.com/watch?v=uU8lCaltAZk,Sen. Elissa Slotkin,Elissa Slotkin,S001208,UCavPE_osOr5wM3QYUzfs95A,,
uVEAY6K1w6o,https://www.youtube.com/watch?v=uVEAY6K1w6o,Congresswoman Mikie Sherrill,Eliakim Sherrill,S000351,UCt32kuHrxtXlv2JI5FDn0kg,,
uW4pMni3J3Y,https://www.youtube.com/watch?v=uW4pMni3J3Y,Senator Michael Bennet,Michael F. Bennet,B001267,UCXB3cljpMwTyCUyLr2ZVLow,,
uYj1yNekFUw,https://www.youtube.com/watch?v=uYj1yNekFUw,James Talarico,James Talarico,https://www.youtube.com/channel/UCY0jKbBT2SdUo-hLgDwz5qg,UCY0jKbBT2SdUo-hLgDwz5qg,,
uZIVLnwbeto,https://www.youtube.com/watch?v=uZIVLnwbeto,Rep. Ritchie Torres,Norma J. Torres,T000474,UC332GOmhxGmHj3WRiHK4hFg,,
uiILZnGyy4s,https://www.youtube.com/watch?v=uiILZnGyy4s,Maggie Goodlander for Congress,Maggie Goodlander,G000604,UCmy6ACpOou_Vb74yIMSc7hg,,
uj-bWbvMMZA,https://www.youtube.com/watch?v=uj-bWbvMMZA,Sen. Elissa Slotkin,Elissa Slotkin,S001208,UCavPE_osOr5wM3QYUzfs95A,,
undrC-Wtpng,https://www.youtube.com/watch?v=undrC-Wtpng,Rep. Auchincloss,Jake Auchincloss,A000148,UCLTp0xAT0gBrF8WReNliMwA,,
uobjlj5hNBQ,https://www.youtube.com/watch?v=uobjlj5hNBQ,Congresswoman Mikie Sherrill,Eliakim Sherrill,S000351,UCt32kuHrxtXlv2JI5FDn0kg,,
uog4jO4y2sE,https://www.youtube.com/watch?v=uog4jO4y2sE,Senator Michael Bennet,Michael F. Bennet,B001267,UCXB3cljpMwTyCUyLr2ZVLow,,
upYoc29K2Ws,https://www.youtube.com/watch?v=upYoc29K2Ws,James Talarico,James Talarico,https://www.youtube.com/channel/UCY0jKbBT2SdUo-hLgDwz5qg,UCY0jKbBT2SdUo-hLgDwz5qg,,
uqKglmS8I_4,https://www.youtube.com/watch?v=uqKglmS8I_4,House Committee on Agriculture,House Committee on Agriculture,https://www.youtube.com/channel/UCWtWf-QUTnJ-UMP5ZNWVB5Q,UCWtWf-QUTnJ-UMP5ZNWVB5Q,,
utbG16ZxpgA,https://www.youtube.com/watch?v=utbG16ZxpgA,Rep. Auchincloss,Jake Auchincloss,A000148,UCLTp0xAT0gBrF8WReNliMwA,,
uuY8BZvPbS0,https://www.youtube.com/watch?v=uuY8BZvPbS0,Sen. Elissa Slotkin,Elissa Slotkin,S001208,UCavPE_osOr5wM3QYUzfs95A,,
ux3EouFjT54,https://www.youtube.com/watch?v=ux3EouFjT54,Rep. Joe Neguse,Joe Neguse,N000191,UCukNKhsFrzM-LFtp43XPQtg,,
uz1DC1sT3Xw,https://www.youtube.com/watch?v=uz1DC1sT3Xw,Sen. Elissa Slotkin,Elissa Slotkin,S001208,UCavPE_osOr5wM3QYUzfs95A,,
v-uCIKOu_Ls,https://www.youtube.com/watch?v=v-uCIKOu_Ls,Rep. Auchincloss,Jake Auchincloss,A000148,UCLTp0xAT0gBrF8WReNliMwA,,
v5Sujmt4z4o,https://www.youtube.com/watch?v=v5Sujmt4z4o,Rep. Ritchie Torres,Norma J. Torres,T000474,UC332GOmhxGmHj3WRiHK4hFg,,
v6Ca470tY_Y,https://www.youtube.com/watch?v=v6Ca470tY_Y,Rep. Joe Neguse,Joe Neguse,N000191,UCukNKhsFrzM-LFtp43XPQtg,,
vBSUOt9eCBc,https://www.youtube.com/watch?v=vBSUOt9eCBc,Sen. Mallory McMorrow,Stephen Mallory,M000084,UCUNrNIDIIoXI6W-TCj58HSg,,
vCjIjHxPf18,https://www.youtube.com/watch?v=vCjIjHxPf18,Rep. Ritchie Torres,Ritchie Torres,T000486,UC332GOmhxGmHj3WRiHK4hFg,,
vG245TWWyM4,https://www.youtube.com/watch?v=vG245TWWyM4,Maggie Goodlander for Congress,Maggie Goodlander,G000604,UCmy6ACpOou_Vb74yIMSc7hg,,
vHGImZvmNGs,https://www.youtube.com/watch?v=vHGImZvmNGs,Jason Esteves For Georgia,Jason Esteves For Georgia,https://www.youtube.com/channel/UCB4tEiyY8eeBxP-pp3i4EMQ,UCB4tEiyY8eeBxP-pp3i4EMQ,,
vKQX4-uXmEw,https://www.youtube.com/watch?v=vKQX4-uXmEw,Senator Michael Bennet,Michael F. Bennet,B001267,UCXB3cljpMwTyCUyLr2ZVLow,,
vOxXSM5JjVY,https://www.youtube.com/watch?v=vOxXSM5JjVY,Rep. Auchincloss,Jake Auchincloss,A000148,UCLTp0xAT0gBrF8WReNliMwA,,
vPprGUIWghA,https://www.youtube.com/watch?v=vPprGUIWghA,Mahan for California,Mahan for California,https://www.youtube.com/channel/UCePbQz1iC9qgNcxtAwv3_zQ,UCePbQz1iC9qgNcxtAwv3_zQ,,
vQ9fga9-Nyc,https://www.youtube.com/watch?v=vQ9fga9-Nyc,Senator Michael Bennet,Michael F. Bennet,B001267,UCXB3cljpMwTyCUyLr2ZVLow,,
vdTAlcArXiQ,https://www.youtube.com/watch?v=vdTAlcArXiQ,Sen. Elissa Slotkin,Elissa Slotkin,S001208,UCavPE_osOr5wM3QYUzfs95A,,
verUah-CPPQ,https://www.youtube.com/watch?v=verUah-CPPQ,Rep. Ritchie Torres,Ritchie Torres,T000486,UC332GOmhxGmHj3WRiHK4hFg,,
vf0ziXOnpec,https://www.youtube.com/watch?v=vf0ziXOnpec,Rep. Joe Neguse,Joe Neguse,N000191,UCukNKhsFrzM-LFtp43XPQtg,,
vfiFdDV4MzU,https://www.youtube.com/watch?v=vfiFdDV4MzU,Rep. Joe Neguse,Joe Neguse,N000191,UCukNKhsFrzM-LFtp43XPQtg,,
vgRAy0-O_vc,https://www.youtube.com/watch?v=vgRAy0-O_vc,C-SPAN,C-SPAN,https://www.youtube.com/channel/UCb--64Gl51jIEVE-GLDAVTg,UCb--64Gl51jIEVE-GLDAVTg,,
vkiTudqLeLM,https://www.youtube.com/watch?v=vkiTudqLeLM,Rep. Joe Neguse,Joe Neguse,N000191,UCukNKhsFrzM-LFtp43XPQtg,,
voUFr6lokHI,https://www.youtube.com/watch?v=voUFr6lokHI,Mahan for California,Mahan for California,https://www.youtube.com/channel/UCePbQz1iC9qgNcxtAwv3_zQ,UCePbQz1iC9qgNcxtAwv3_zQ,,
vozoV8TKzMk,https://www.youtube.com/watch?v=vozoV8TKzMk,Senator Michael Bennet,Michael F. Bennet,B001267,UCXB3cljpMwTyCUyLr2ZVLow,,
vtTnXcesUJg,https://www.youtube.com/watch?v=vtTnXcesUJg,Rep. Joe Neguse,Joe Neguse,N000191,UCukNKhsFrzM-LFtp43XPQtg,,
vx-kw9Mp3wQ,https://www.youtube.com/watch?v=vx-kw9Mp3wQ,House Committee on Agriculture,House Committee on Agriculture,https://www.youtube.com/channel/UCWtWf-QUTnJ-UMP5ZNWVB5Q,UCWtWf-QUTnJ-UMP5ZNWVB5Q,,
vyD1HByd3sk,https://www.youtube.com/watch?v=vyD1HByd3sk,C-SPAN,C-SPAN,https://www.youtube.com/channel/UCb--64Gl51jIEVE-GLDAVTg,UCb--64Gl51jIEVE-GLDAVTg,,
vy_k88-sG7o,https://www.youtube.com/watch?v=vy_k88-sG7o,Angie Craig,Angie Craig,C001119,UCIQeh8zK8g51o9pNGGglHVA,,
vysXDaFQivM,https://www.youtube.com/watch?v=vysXDaFQivM,Rep. Auchincloss,Jake Auchincloss,A000148,UCLTp0xAT0gBrF8WReNliMwA,,
w-wNYRd_edI,https://www.youtube.com/watch?v=w-wNYRd_edI,Sen. Elissa Slotkin,Elissa Slotkin,S001208,UCavPE_osOr5wM3QYUzfs95A,,
w0SacXddMMQ,https://www.youtube.com/watch?v=w0SacXddMMQ,Senator Michael Bennet,Michael F. Bennet,B001267,UCXB3cljpMwTyCUyLr2ZVLow,,
w6CSTcnK8o8,https://www.youtube.com/watch?v=w6CSTcnK8o8,Rep. Ritchie Torres,Ritchie Torres,T000486,UC332GOmhxGmHj3WRiHK4hFg,,
w99XH32uDW8,https://www.youtube.com/watch?v=w99XH32uDW8,Rep. Auchincloss,Jake Auchincloss,A000148,UCLTp0xAT0gBrF8WReNliMwA,,
wCEN-QbVc8k,https://www.youtube.com/watch?v=wCEN-QbVc8k,James Talarico,James Talarico,https://www.youtube.com/channel/UCY0jKbBT2SdUo-hLgDwz5qg,UCY0jKbBT2SdUo-hLgDwz5qg,,
wOb_yNj9hqY,https://www.youtube.com/watch?v=wOb_yNj9hqY,Sen. Ruben Gallego,Ruben Gallego,G000574,UCxggVFesZy65a0WBT3_roXQ,,
wOmfH3MUtSw,https://www.youtube.com/watch?v=wOmfH3MUtSw,Sen. Elissa Slotkin,Elissa Slotkin,S001208,UCavPE_osOr5wM3QYUzfs95A,,
wTRjBjfe7xw,https://www.youtube.com/watch?v=wTRjBjfe7xw,Sen. Elissa Slotkin,Elissa Slotkin,S001208,UCavPE_osOr5wM3QYUzfs95A,,
wXpiVyzvxAg,https://www.youtube.com/watch?v=wXpiVyzvxAg,Sen. Ruben Gallego,Ruben Gallego,G000574,UCxggVFesZy65a0WBT3_roXQ,,
w_xw487m9DA,https://www.youtube.com/watch?v=w_xw487m9DA,Sen. Elissa Slotkin,Elissa Slotkin,S001208,UCavPE_osOr5wM3QYUzfs95A,,
wf7aSvfdPIU,https://www.youtube.com/watch?v=wf7aSvfdPIU,C-SPAN,C-SPAN,https://www.youtube.com/channel/UCb--64Gl51jIEVE-GLDAVTg,UCb--64Gl51jIEVE-GLDAVTg,,
wg20nzxClIw,https://www.youtube.com/watch?v=wg20nzxClIw,Rep. Marie Gluesenkamp Perez,Marie Gluesenkamp Perez,G000600,UCo4paf7SbVdHOi67ayp1DDg,,
wgylgZUjiY8,https://www.youtube.com/watch?v=wgylgZUjiY8,Rep. Auchincloss,Jake Auchincloss,A000148,UCLTp0xAT0gBrF8WReNliMwA,,
wkPonBcTmTw,https://www.youtube.com/watch?v=wkPonBcTmTw,C-SPAN,Jim Jordan,J000289,UCb--64Gl51jIEVE-GLDAVTg,,
wmrywH2qg8M,https://www.youtube.com/watch?v=wmrywH2qg8M,Sen. Ruben Gallego,Ruben Gallego,G000574,UCxggVFesZy65a0WBT3_roXQ,,
wmvUlYJRm-M,https://www.youtube.com/watch?v=wmvUlYJRm-M,Congresswoman Mikie Sherrill,Eliakim Sherrill,S000351,UCt32kuHrxtXlv2JI5FDn0kg,,
woU2iKCgZ-4,https://www.youtube.com/watch?v=woU2iKCgZ-4,Rep. Auchincloss,Jake Auchincloss,A000148,UCLTp0xAT0gBrF8WReNliMwA,,
wonX3H5YMqE,https://www.youtube.com/watch?v=wonX3H5YMqE,Rep. Joe Neguse,Joe Neguse,N000191,UCukNKhsFrzM-LFtp43XPQtg,,
wuouud1DbUg,https://www.youtube.com/watch?v=wuouud1DbUg,U.S. Congressman Brendan Boyle,Brendan F. Boyle,B001296,UCMP_Anj7lz4eZuSh8GwFqQQ,,
wxMybOIX7po,https://www.youtube.com/watch?v=wxMybOIX7po,C-SPAN,Diana DeGette,D000197,UCb--64Gl51jIEVE-GLDAVTg,,
x0UCCudg380,https://www.youtube.com/watch?v=x0UCCudg380,Rep. Auchincloss,Jake Auchincloss,A000148,UCLTp0xAT0gBrF8WReNliMwA,,
x5pkWW8cTwQ,https://www.youtube.com/watch?v=x5pkWW8cTwQ,Senator Michael Bennet,Michael F. Bennet,B001267,UCXB3cljpMwTyCUyLr2ZVLow,,
x7Wy21VTO7E,https://www.youtube.com/watch?v=x7Wy21VTO7E,Sen. Elissa Slotkin,Elissa Slotkin,S001208,UCavPE_osOr5wM3QYUzfs95A,,
x920WQvuLaE,https://www.youtube.com/watch?v=x920WQvuLaE,Sen. Ruben Gallego,Ruben Gallego,G000574,UCxggVFesZy65a0WBT3_roXQ,,
x9mM4WM_5cY,https://www.youtube.com/watch?v=x9mM4WM_5cY,Senator Michael Bennet,Michael F. Bennet,B001267,UCXB3cljpMwTyCUyLr2ZVLow,,
xDHnAIUDGbs,https://www.youtube.com/watch?v=xDHnAIUDGbs,Senator Michael Bennet,Michael F. Bennet,B001267,UCXB3cljpMwTyCUyLr2ZVLow,,
xDXgIARBF8U,https://www.youtube.com/watch?v=xDXgIARBF8U,Mary Peltola,Mary Sattler Peltola,P000619,UCXHT0c_Cqdvp6UAfXDxuGow,,
xEQ2lUncyfU,https://www.youtube.com/watch?v=xEQ2lUncyfU,Sen. Elissa Slotkin,Elissa Slotkin,S001208,UCavPE_osOr5wM3QYUzfs95A,,
xIZh8nHZ4m4,https://www.youtube.com/watch?v=xIZh8nHZ4m4,C-SPAN,C-SPAN,https://www.youtube.com/channel/UCb--64Gl51jIEVE-GLDAVTg,UCb--64Gl51jIEVE-GLDAVTg,,
xJh3klqQa6k,https://www.youtube.com/watch?v=xJh3klqQa6k,Rep. Joe Neguse,Joe Neguse,N000191,UCukNKhsFrzM-LFtp43XPQtg,,
xLJrqzfAyPM,https://www.youtube.com/watch?v=xLJrqzfAyPM,Sen. Elissa Slotkin,Elissa Slotkin,S001208,UCavPE_osOr5wM3QYUzfs95A,,
xMKau3ReFBU,https://www.youtube.com/watch?v=xMKau3ReFBU,James Talarico,James Talarico,https://www.youtube.com/channel/UCY0jKbBT2SdUo-hLgDwz5qg,UCY0jKbBT2SdUo-hLgDwz5qg,,
xQK2fiwuwwI,https://www.youtube.com/watch?v=xQK2fiwuwwI,Senator Michael Bennet,Michael F. Bennet,B001267,UCXB3cljpMwTyCUyLr2ZVLow,,
xRBagRZajSs,https://www.youtube.com/watch?v=xRBagRZajSs,James Talarico,James Talarico,https://www.youtube.com/channel/UCY0jKbBT2SdUo-hLgDwz5qg,UCY0jKbBT2SdUo-hLgDwz5qg,,
xR_nLrLOmB0,https://www.youtube.com/watch?v=xR_nLrLOmB0,Maggie Goodlander for Congress,Maggie Goodlander,G000604,UCmy6ACpOou_Vb74yIMSc7hg,,
xTU-S6C3Vr4,https://www.youtube.com/watch?v=xTU-S6C3Vr4,Sen. Elissa Slotkin,Elissa Slotkin,S001208,UCavPE_osOr5wM3QYUzfs95A,,
xU1MNrDRJp8,https://www.youtube.com/watch?v=xU1MNrDRJp8,Sen. Ruben Gallego,Ruben Gallego,G000574,UCxggVFesZy65a0WBT3_roXQ,,
xWlhh-nYmWk,https://www.youtube.com/watch?v=xWlhh-nYmWk,Rep. Auchincloss,Jake Auchincloss,A000148,UCLTp0xAT0gBrF8WReNliMwA,,
x_FJJtFsXTI,https://www.youtube.com/watch?v=x_FJJtFsXTI,Senator Michael Bennet,Michael F. Bennet,B001267,UCXB3cljpMwTyCUyLr2ZVLow,,
xccJNvbHAGA,https://www.youtube.com/watch?v=xccJNvbHAGA,Mahan for California,Mahan for California,https://www.youtube.com/channel/UCePbQz1iC9qgNcxtAwv3_zQ,UCePbQz1iC9qgNcxtAwv3_zQ,,
xewwy58w-gM,https://www.youtube.com/watch?v=xewwy58w-gM,Jeff Jackson,Jeff Jackson,J000308,UCMS_OsMEOc1s9hlwRvQyahg,,
xhqU5jxLbVk,https://www.youtube.com/watch?v=xhqU5jxLbVk,U.S. Congressman Brendan Boyle,Brendan F. Boyle,B001296,UCMP_Anj7lz4eZuSh8GwFqQQ,,
xtrhOzvmQkU,https://www.youtube.com/watch?v=xtrhOzvmQkU,U.S. Congressman Brendan Boyle,Brendan F. Boyle,B001296,UCMP_Anj7lz4eZuSh8GwFqQQ,,
xwTic_HmdSg,https://www.youtube.com/watch?v=xwTic_HmdSg,Senator Michael Bennet,Michael F. Bennet,B001267,UCXB3cljpMwTyCUyLr2ZVLow,,
xxOssbb4X48,https://www.youtube.com/watch?v=xxOssbb4X48,Rep. Marie Gluesenkamp Perez,Marie Gluesenkamp Perez,G000600,UCo4paf7SbVdHOi67ayp1DDg,,
xxUi4oq7dLo,https://www.youtube.com/watch?v=xxUi4oq7dLo,Rep. Joe Neguse,Joe Neguse,N000191,UCukNKhsFrzM-LFtp43XPQtg,,
xxmYNAOmbgQ,https://www.youtube.com/watch?v=xxmYNAOmbgQ,James Talarico,James Talarico,https://www.youtube.com/channel/UCY0jKbBT2SdUo-hLgDwz5qg,UCY0jKbBT2SdUo-hLgDwz5qg,,
y08sorlJwXg,https://www.youtube.com/watch?v=y08sorlJwXg,C-SPAN,C-SPAN,https://www.youtube.com/channel/UCb--64Gl51jIEVE-GLDAVTg,UCb--64Gl51jIEVE-GLDAVTg,,
y0Pm56_nTJE,https://www.youtube.com/watch?v=y0Pm56_nTJE,Sen. Ruben Gallego,Ruben Gallego,G000574,UCxggVFesZy65a0WBT3_roXQ,,
y16fX5XVbXw,https://www.youtube.com/watch?v=y16fX5XVbXw,Congresswoman Sarah McBride,Sarah McBride,M001238,UCadfl-Ek-uH5SustAmPL40g,,
y1cvrLVfw5A,https://www.youtube.com/watch?v=y1cvrLVfw5A,House Committee on Agriculture,House Committee on Agriculture,https://www.youtube.com/channel/UCWtWf-QUTnJ-UMP5ZNWVB5Q,UCWtWf-QUTnJ-UMP5ZNWVB5Q,,
y2y7RQQQMOw,https://www.youtube.com/watch?v=y2y7RQQQMOw,Rep. Auchincloss,Jake Auchincloss,A000148,UCLTp0xAT0gBrF8WReNliMwA,,
y5fKBEYnxqA,https://www.youtube.com/watch?v=y5fKBEYnxqA,Rep. George Whitesides,George Whitesides,W000830,UCi0_78hGEjLd1EGuie6quKg,,
y78Lqkry_0A,https://www.youtube.com/watch?v=y78Lqkry_0A,Sen. Elissa Slotkin,Elissa Slotkin,S001208,UCavPE_osOr5wM3QYUzfs95A,,
yAzzkIhVjYE,https://www.youtube.com/watch?v=yAzzkIhVjYE,Sen. Elissa Slotkin,Elissa Slotkin,S001208,UCavPE_osOr5wM3QYUzfs95A,,
yBMCtSLc0-U,https://www.youtube.com/watch?v=yBMCtSLc0-U,Sen. Elissa Slotkin,Elissa Slotkin,S001208,UCavPE_osOr5wM3QYUzfs95A,,
yGM5cfkuATg,https://www.youtube.com/watch?v=yGM5cfkuATg,Rep. Auchincloss,Jake Auchincloss,A000148,UCLTp0xAT0gBrF8WReNliMwA,,
yHQlimZNSfw,https://www.youtube.com/watch?v=yHQlimZNSfw,Maggie Goodlander for Congress,Maggie Goodlander,G000604,UCmy6ACpOou_Vb74yIMSc7hg,,
yKEJKNQxXYE,https://www.youtube.com/watch?v=yKEJKNQxXYE,Senator Michael Bennet,Michael F. Bennet,B001267,UCXB3cljpMwTyCUyLr2ZVLow,,
yKWL-OIPU9E,https://www.youtube.com/watch?v=yKWL-OIPU9E,Sen. Ruben Gallego,Ruben Gallego,G000574,UCxggVFesZy65a0WBT3_roXQ,,
yLLve1pp8Ko,https://www.youtube.com/watch?v=yLLve1pp8Ko,Sen. Elissa Slotkin,Elissa Slotkin,S001208,UCavPE_osOr5wM3QYUzfs95A,,
yQP63dQSosw,https://www.youtube.com/watch?v=yQP63dQSosw,Rep. Auchincloss,Jake Auchincloss,A000148,UCLTp0xAT0gBrF8WReNliMwA,,
yQfOVtbJLxU,https://www.youtube.com/watch?v=yQfOVtbJLxU,Mahan for California,Mahan for California,https://www.youtube.com/channel/UCePbQz1iC9qgNcxtAwv3_zQ,UCePbQz1iC9qgNcxtAwv3_zQ,,
yRjIiCCXCtg,https://www.youtube.com/watch?v=yRjIiCCXCtg,Maggie Goodlander for Congress,Maggie Goodlander,G000604,UCmy6ACpOou_Vb74yIMSc7hg,,
ySFgGlS0x9U,https://www.youtube.com/watch?v=ySFgGlS0x9U,Rep. Joe Neguse,Joe Neguse,N000191,UCukNKhsFrzM-LFtp43XPQtg,,
yWc3T_mgwvs,https://www.youtube.com/watch?v=yWc3T_mgwvs,Sen. Ruben Gallego,Ruben Gallego,G000574,UCxggVFesZy65a0WBT3_roXQ,,
yZodtHLFe8g,https://www.youtube.com/watch?v=yZodtHLFe8g,Rep. Joe Neguse,Joe Neguse,N000191,UCukNKhsFrzM-LFtp43XPQtg,,
ybnhMU9zArY,https://www.youtube.com/watch?v=ybnhMU9zArY,Rep. Joe Neguse,Joe Neguse,N000191,UCukNKhsFrzM-LFtp43XPQtg,,
ycNWgmGAyVg,https://www.youtube.com/watch?v=ycNWgmGAyVg,Rep. Joe Neguse,Joe Neguse,N000191,UCukNKhsFrzM-LFtp43XPQtg,,
yjygoBMQMuY,https://www.youtube.com/watch?v=yjygoBMQMuY,House Committee on Agriculture,House Committee on Agriculture,https://www.youtube.com/channel/UCWtWf-QUTnJ-UMP5ZNWVB5Q,UCWtWf-QUTnJ-UMP5ZNWVB5Q,,
ylsjwN1fbx4,https://www.youtube.com/watch?v=ylsjwN1fbx4,C-SPAN,C-SPAN,https://www.youtube.com/channel/UCb--64Gl51jIEVE-GLDAVTg,UCb--64Gl51jIEVE-GLDAVTg,,
ynBia1mWZak,https://www.youtube.com/watch?v=ynBia1mWZak,Rep. Ritchie Torres,Norma J. Torres,T000474,UC332GOmhxGmHj3WRiHK4hFg,,
ypakIOLjmog,https://www.youtube.com/watch?v=ypakIOLjmog,C-SPAN,C-SPAN,https://www.youtube.com/channel/UCb--64Gl51jIEVE-GLDAVTg,UCb--64Gl51jIEVE-GLDAVTg,,
yvSQFuJYlTo,https://www.youtube.com/watch?v=yvSQFuJYlTo,Rep. Joe Neguse,Joe Neguse,N000191,UCukNKhsFrzM-LFtp43XPQtg,,
yyEqpV0BjfA,https://www.youtube.com/watch?v=yyEqpV0BjfA,Sen. Ruben Gallego,Ruben Gallego,G000574,UCxggVFesZy65a0WBT3_roXQ,,
yys-jwMuKXs,https://www.youtube.com/watch?v=yys-jwMuKXs,Senator Michael Bennet,Michael F. Bennet,B001267,UCXB3cljpMwTyCUyLr2ZVLow,,
yz6ny3jQE7A,https://www.youtube.com/watch?v=yz6ny3jQE7A,Mahan for California,Mahan for California,https://www.youtube.com/channel/UCePbQz1iC9qgNcxtAwv3_zQ,UCePbQz1iC9qgNcxtAwv3_zQ,,
z-XGnDQFN9Y,https://www.youtube.com/watch?v=z-XGnDQFN9Y,Rep. Joe Neguse,Joe Neguse,N000191,UCukNKhsFrzM-LFtp43XPQtg,,
z2cVb7XktUU,https://www.youtube.com/watch?v=z2cVb7XktUU,C-SPAN,C-SPAN,https://www.youtube.com/channel/UCb--64Gl51jIEVE-GLDAVTg,UCb--64Gl51jIEVE-GLDAVTg,,
z6BRLrFl6Ek,https://www.youtube.com/watch?v=z6BRLrFl6Ek,C-SPAN,C-SPAN,https://www.youtube.com/channel/UCb--64Gl51jIEVE-GLDAVTg,UCb--64Gl51jIEVE-GLDAVTg,,
zAQaTCL6tNg,https://www.youtube.com/watch?v=zAQaTCL6tNg,Rep. Ritchie Torres,Ritchie Torres,T000486,UC332GOmhxGmHj3WRiHK4hFg,,
zBu79Rjpiko,https://www.youtube.com/watch?v=zBu79Rjpiko,Maggie Goodlander for Congress,Maggie Goodlander,G000604,UCmy6ACpOou_Vb74yIMSc7hg,,
zC-nYTxOvMs,https://www.youtube.com/watch?v=zC-nYTxOvMs,Abigail Spanberger for Governor,Abigail Davis Spanberger,S001209,UCxJTgExEfcqCdIj4SMJyqrQ,,
zEfBv02qD3M,https://www.youtube.com/watch?v=zEfBv02qD3M,Rep. Ritchie Torres,Norma J. Torres,T000474,UC332GOmhxGmHj3WRiHK4hFg,,
zFQwFu4zVl0,https://www.youtube.com/watch?v=zFQwFu4zVl0,Sen. Ruben Gallego,Ruben Gallego,G000574,UCxggVFesZy65a0WBT3_roXQ,,
zL70y337Brk,https://www.youtube.com/watch?v=zL70y337Brk,Sen. Ruben Gallego,Ruben Gallego,G000574,UCxggVFesZy65a0WBT3_roXQ,,
zMp5y9ZYOFA,https://www.youtube.com/watch?v=zMp5y9ZYOFA,Rep. Auchincloss,Jake Auchincloss,A000148,UCLTp0xAT0gBrF8WReNliMwA,,
zPpCsceRKxU,https://www.youtube.com/watch?v=zPpCsceRKxU,U.S. Congressman Brendan Boyle,Brendan F. Boyle,B001296,UCMP_Anj7lz4eZuSh8GwFqQQ,,
zPqrT--N6VM,https://www.youtube.com/watch?v=zPqrT--N6VM,Mahan for California,Mahan for California,https://www.youtube.com/channel/UCePbQz1iC9qgNcxtAwv3_zQ,UCePbQz1iC9qgNcxtAwv3_zQ,,
zRr48VVffqk,https://www.youtube.com/watch?v=zRr48VVffqk,Sen. Elissa Slotkin,Elissa Slotkin,S001208,UCavPE_osOr5wM3QYUzfs95A,,
zSGU5aglz-c,https://www.youtube.com/watch?v=zSGU5aglz-c,Angie Craig,Angie Craig,C001119,UCIQeh8zK8g51o9pNGGglHVA,,
zU0G67TS1LY,https://www.youtube.com/watch?v=zU0G67TS1LY,Senator Michael Bennet,Michael F. Bennet,B001267,UCXB3cljpMwTyCUyLr2ZVLow,,
zZJJNgXUSxs,https://www.youtube.com/watch?v=zZJJNgXUSxs,Senator Michael Bennet,Michael F. Bennet,B001267,UCXB3cljpMwTyCUyLr2ZVLow,,
zahDKv5IPiU,https://www.youtube.com/watch?v=zahDKv5IPiU,C-SPAN,Marsha Blackburn,B001243,UCb--64Gl51jIEVE-GLDAVTg,,
zc31Ds7uMvU,https://www.youtube.com/watch?v=zc31Ds7uMvU,Mary Peltola,Mary Sattler Peltola,P000619,UCXHT0c_Cqdvp6UAfXDxuGow,,
zeBMIdhNFz8,https://www.youtube.com/watch?v=zeBMIdhNFz8,Rep. Auchincloss,Jake Auchincloss,A000148,UCLTp0xAT0gBrF8WReNliMwA,,
zfTOljrWhx4,https://www.youtube.com/watch?v=zfTOljrWhx4,Sen. Ruben Gallego,Ruben Gallego,G000574,UCxggVFesZy65a0WBT3_roXQ,,
zgWF2DmofnQ,https://www.youtube.com/watch?v=zgWF2DmofnQ,Sen. Elissa Slotkin,Elissa Slotkin,S001208,UCavPE_osOr5wM3QYUzfs95A,,
zlwJcif5FIE,https://www.youtube.com/watch?v=zlwJcif5FIE,Abigail Spanberger for Governor,Abigail Davis Spanberger,S001209,UCxJTgExEfcqCdIj4SMJyqrQ,,
zm6R5uQ-kiU,https://www.youtube.com/watch?v=zm6R5uQ-kiU,Rep. Marie Gluesenkamp Perez,Marie Gluesenkamp Perez,G000600,UCo4paf7SbVdHOi67ayp1DDg,,
znnNEhgfJsM,https://www.youtube.com/watch?v=znnNEhgfJsM,Sen. Elissa Slotkin,Elissa Slotkin,S001208,UCavPE_osOr5wM3QYUzfs95A,,
zvubtgZuGJI,https://www.youtube.com/watch?v=zvubtgZuGJI,U.S. Congressman Brendan Boyle,Brendan F. Boyle,B001296,UCMP_Anj7lz4eZuSh8GwFqQQ,,
zyWHsWjOC9I,https://www.youtube.com/watch?v=zyWHsWjOC9I,Sen. Elissa Slotkin,Elissa Slotkin,S001208,UCavPE_osOr5wM3QYUzfs95A,,
zydn7AiNsAA,https://www.youtube.com/watch?v=zydn7AiNsAA,Sen. Ruben Gallego,Ruben Gallego,G000574,UCxggVFesZy65a0WBT3_roXQ,,
